id, name, icon
1, "Rau, củ, quả", "data:image/png;base64,iVBORw0KGgoAAAANSUhEUgAAACgAAAAoCAYAAACM/rhtAAAACXBIWXMAAAsTAAALEwEAmpwYAAAFwmlUWHRYTUw6Y29tLmFkb2JlLnhtcAAAAAAAPD94cGFja2V0IGJlZ2luPSLvu78iIGlkPSJXNU0wTXBDZWhpSHpyZVN6TlRjemtjOWQiPz4gPHg6eG1wbWV0YSB4bWxuczp4PSJhZG9iZTpuczptZXRhLyIgeDp4bXB0az0iQWRvYmUgWE1QIENvcmUgNS42LWMxNDIgNzkuMTYwOTI0LCAyMDE3LzA3LzEzLTAxOjA2OjM5ICAgICAgICAiPiA8cmRmOlJERiB4bWxuczpyZGY9Imh0dHA6Ly93d3cudzMub3JnLzE5OTkvMDIvMjItcmRmLXN5bnRheC1ucyMiPiA8cmRmOkRlc2NyaXB0aW9uIHJkZjphYm91dD0iIiB4bWxuczp4bXA9Imh0dHA6Ly9ucy5hZG9iZS5jb20veGFwLzEuMC8iIHhtbG5zOnhtcE1NPSJodHRwOi8vbnMuYWRvYmUuY29tL3hhcC8xLjAvbW0vIiB4bWxuczpzdEV2dD0iaHR0cDovL25zLmFkb2JlLmNvbS94YXAvMS4wL3NUeXBlL1Jlc291cmNlRXZlbnQjIiB4bWxuczpkYz0iaHR0cDovL3B1cmwub3JnL2RjL2VsZW1lbnRzLzEuMS8iIHhtbG5zOnBob3Rvc2hvcD0iaHR0cDovL25zLmFkb2JlLmNvbS9waG90b3Nob3AvMS4wLyIgeG1wOkNyZWF0b3JUb29sPSJBZG9iZSBQaG90b3Nob3AgQ0MgKFdpbmRvd3MpIiB4bXA6Q3JlYXRlRGF0ZT0iMjAxOC0wNC0yNlQwOToxNzozMSswNzowMCIgeG1wOk1ldGFkYXRhRGF0ZT0iMjAxOC0wNC0yNlQwOToxNzozMSswNzowMCIgeG1wOk1vZGlmeURhdGU9IjIwMTgtMDQtMjZUMDk6MTc6MzErMDc6MDAiIHhtcE1NOkluc3RhbmNlSUQ9InhtcC5paWQ6ZmU3YzNlYTctNmFiOS1mYjRkLTlmYmQtOWM2NGIxNWY0MzU2IiB4bXBNTTpEb2N1bWVudElEPSJhZG9iZTpkb2NpZDpwaG90b3Nob3A6OTNiZWYwYmEtYWMyNi04ODQwLTliNjMtNjUyMzA1Njg3MWFlIiB4bXBNTTpPcmlnaW5hbERvY3VtZW50SUQ9InhtcC5kaWQ6NzhkOTY2ZjQtN2UxMi03NjQyLTgyYTctYTQzODE0ZGY5NDllIiBkYzpmb3JtYXQ9ImltYWdlL3BuZyIgcGhvdG9zaG9wOkNvbG9yTW9kZT0iMyI+IDx4bXBNTTpIaXN0b3J5PiA8cmRmOlNlcT4gPHJkZjpsaSBzdEV2dDphY3Rpb249ImNyZWF0ZWQiIHN0RXZ0Omluc3RhbmNlSUQ9InhtcC5paWQ6NzhkOTY2ZjQtN2UxMi03NjQyLTgyYTctYTQzODE0ZGY5NDllIiBzdEV2dDp3aGVuPSIyMDE4LTA0LTI2VDA5OjE3OjMxKzA3OjAwIiBzdEV2dDpzb2Z0d2FyZUFnZW50PSJBZG9iZSBQaG90b3Nob3AgQ0MgKFdpbmRvd3MpIi8+IDxyZGY6bGkgc3RFdnQ6YWN0aW9uPSJzYXZlZCIgc3RFdnQ6aW5zdGFuY2VJRD0ieG1wLmlpZDpmZTdjM2VhNy02YWI5LWZiNGQtOWZiZC05YzY0YjE1ZjQzNTYiIHN0RXZ0OndoZW49IjIwMTgtMDQtMjZUMDk6MTc6MzErMDc6MDAiIHN0RXZ0OnNvZnR3YXJlQWdlbnQ9IkFkb2JlIFBob3Rvc2hvcCBDQyAoV2luZG93cykiIHN0RXZ0OmNoYW5nZWQ9Ii8iLz4gPC9yZGY6U2VxPiA8L3htcE1NOkhpc3Rvcnk+IDwvcmRmOkRlc2NyaXB0aW9uPiA8L3JkZjpSREY+IDwveDp4bXBtZXRhPiA8P3hwYWNrZXQgZW5kPSJyIj8+kq0p/QAABelJREFUWIXN2XuMHXUVB/DPllLE4qPY2Es1SCwmagWDYgtCohRFuD5ALUploBFFjASwK20qpVKKL4RtV2jUYAt19xKLFSkmjuADbTSBxL4MCOhCiKHo8NAWjRYfuP5xfuO9nc7ddXcROcnNmf09v3N+3/P4zfYMDw97LkvPjMFTxjpnJubin/gx/op3YTUOT2MexsX4FvbDO/A8/CL1/UeKLB9xs8ljAHYgbkb1je7CMXgIn8e/MB83YQneWBn/U5yOJ/6bTUez4GvxShyENXgJLsUm7I8P40JclcB0yqcT4OvxFTyFJr6Ef+BsYf2Hiiy/eywAZ2FZ2rwqM/H7Sts07Oqy/ovwZKXtxXjcvqe3ASuLLL+vs3FSZdByPJDAbcAHcSRm45AacEYApwYc7BbWPyL95mMAZ+DeRqt5ZTeAG7ASfYJvCwTJ78a9KEYA8l4MCQqMJFOxSFjvHtxTZPnNRZYvTG0rsKTRan6vCrBPWOt9wvueGmWjqmwTHvzlUcbth1WCz3tJkeVPF1l+Od6JZqPVXFcCnIleXIJb8FHBq7HIb7FVvOBI8if8BW+udjRazdMareZZRZbnwkjnNFrN2ZOEh8EXcB6+LmJWNzmwS/srxDHDsSJG1oWxqdhc034cBhqt5mFFlvdhDwYn4VQR3+ADIgDXOUMpO0Ts65RLMF3wi4hx8/BL4bWER29Lz5dVFy2yfDGeFiEL1uGo8g1/kvTDugfv8/BtXI3rMCyO9TDhHFfijjR2CCcKK+4ScW//1Hcy/thljyfwhvS8nbaTHJD01Ul/tTJxAF/DwYICR2GjsNqvhBcvrcy5I/WvxHfwObwct+MFXQDOwG3peQphreG0wSrh+r3peb44kjcJp1mkzbEdgg6jyR/UHCfWCkvOw9ZGq3m4Ns1WJD2PsGAfjtc+gtV4m8itc3A/TkB/FxAHiMDe6GibIo5/YZc514qQs6XRag6LFz8Sby2y/PE05nRs7JkxeMpkwZHb7FsIdMqr8KgIFZ3SEE71Se04+B7cipPwwxHWPEvQZQjriyzfA41W80Z8CNMmC6/N0BLW/FSXxe7DFlG5dErJp50dbVOT3lGzzstS/28wWGT5YGdno9VcnsBdUGT57tJJbhTc68U3ugC8RtSBx1Xavyt4fGtHW0n0vpp1duKLdRs0Ws3VwqkuK7J8DXuHlNV4veBNHXd6BSd/nkAVIsG/EG8XJ1HKLkH2FegR4WmaNo+X1QEUNNlUZPnKsqFazVya9Ge7LHC8iHcn4WOCO6/Dj2rGXi5qxEzUjzcIr54u6LKXNFrNMshf3NleBbhTWHIZLqr0HSKstVSkux4cLeJgN7kqjTs0zZ2VQB5aAfcREdoGiix/cCSAxFFeK45jWET0+/E7kQHO1XaM14i0d13NOpMEn44WGerPomJ6UhQXD2B7CjNrE7h9qDVSyX9CAjNHVCDfx+Kal9ot8u3WBPRvwtpLRf6Fx/DSjjn9gi7TkgHWFll+ex2Isd7qNovM8glxX1ksHOVBcRma2jF2CO/GBThfZKL3i4BcAh/1Vld3xCPJGsG/9cIBhkS5tkXk2j3ikiWB/zXOFGmsXwT7ulLrGQO4MelW0ktEAdGTfn8XKZKgxRni+OeLY58h4un/DCARBxek501JL7D35ekxcZzfFOGFdnCuC0nPKMAr0rzZ6e9tomB9tXaefhQfT8/nJH02fjbWzcYD8AdJl5VvrwB7pvbxPj/p85OenvS6ZwMgkbpK99+MR0RVXX7OmCX4WN53zk36lmcL4Kqk5yZdFptTkr5LXBFKuUgE62qpNqqMF+CdSZdfAdYnfXDSx3a0HSS8t388G40XIHE3eUt63p703JpxzaRvGs8mEwFYOsnJSS9UX+wuEnx8ZDybjOX7YFWGxFVhuShQB7qMO0ZYe1wyEQsSH5z2+YzRIUck3Q38qDJRgKVlTuzSf2HSd3bpH1UmcsREZtgu0tc1os4bFlfKOeLq2C8+afxfABIhZYO2tTrlCnxmIov3PNf/DfFvwm16QKCiUIQAAAAASUVORK5CYII="
2, "Các loại thịt", "data:image/png;base64,iVBORw0KGgoAAAANSUhEUgAAACgAAAAoCAYAAACM/rhtAAAACXBIWXMAAAsTAAALEwEAmpwYAAAFwmlUWHRYTUw6Y29tLmFkb2JlLnhtcAAAAAAAPD94cGFja2V0IGJlZ2luPSLvu78iIGlkPSJXNU0wTXBDZWhpSHpyZVN6TlRjemtjOWQiPz4gPHg6eG1wbWV0YSB4bWxuczp4PSJhZG9iZTpuczptZXRhLyIgeDp4bXB0az0iQWRvYmUgWE1QIENvcmUgNS42LWMxNDIgNzkuMTYwOTI0LCAyMDE3LzA3LzEzLTAxOjA2OjM5ICAgICAgICAiPiA8cmRmOlJERiB4bWxuczpyZGY9Imh0dHA6Ly93d3cudzMub3JnLzE5OTkvMDIvMjItcmRmLXN5bnRheC1ucyMiPiA8cmRmOkRlc2NyaXB0aW9uIHJkZjphYm91dD0iIiB4bWxuczp4bXA9Imh0dHA6Ly9ucy5hZG9iZS5jb20veGFwLzEuMC8iIHhtbG5zOnhtcE1NPSJodHRwOi8vbnMuYWRvYmUuY29tL3hhcC8xLjAvbW0vIiB4bWxuczpzdEV2dD0iaHR0cDovL25zLmFkb2JlLmNvbS94YXAvMS4wL3NUeXBlL1Jlc291cmNlRXZlbnQjIiB4bWxuczpkYz0iaHR0cDovL3B1cmwub3JnL2RjL2VsZW1lbnRzLzEuMS8iIHhtbG5zOnBob3Rvc2hvcD0iaHR0cDovL25zLmFkb2JlLmNvbS9waG90b3Nob3AvMS4wLyIgeG1wOkNyZWF0b3JUb29sPSJBZG9iZSBQaG90b3Nob3AgQ0MgKFdpbmRvd3MpIiB4bXA6Q3JlYXRlRGF0ZT0iMjAxOC0wNC0yNlQwOToyMzoyMiswNzowMCIgeG1wOk1ldGFkYXRhRGF0ZT0iMjAxOC0wNC0yNlQwOToyMzoyMiswNzowMCIgeG1wOk1vZGlmeURhdGU9IjIwMTgtMDQtMjZUMDk6MjM6MjIrMDc6MDAiIHhtcE1NOkluc3RhbmNlSUQ9InhtcC5paWQ6NTQ2Zjc5NTgtMDUxZS0yYzQ1LTg5MWQtZDZjYjcyMWQzN2RjIiB4bXBNTTpEb2N1bWVudElEPSJhZG9iZTpkb2NpZDpwaG90b3Nob3A6NGI0YjZiOTQtZDFhNi1jYzQ0LWJjYjctYTExNDU5NDZmOTc5IiB4bXBNTTpPcmlnaW5hbERvY3VtZW50SUQ9InhtcC5kaWQ6NzczOTUxNGEtYTgxNC00ODQxLWE5Y2MtZTdkMmYwNGRmMDAxIiBkYzpmb3JtYXQ9ImltYWdlL3BuZyIgcGhvdG9zaG9wOkNvbG9yTW9kZT0iMyI+IDx4bXBNTTpIaXN0b3J5PiA8cmRmOlNlcT4gPHJkZjpsaSBzdEV2dDphY3Rpb249ImNyZWF0ZWQiIHN0RXZ0Omluc3RhbmNlSUQ9InhtcC5paWQ6NzczOTUxNGEtYTgxNC00ODQxLWE5Y2MtZTdkMmYwNGRmMDAxIiBzdEV2dDp3aGVuPSIyMDE4LTA0LTI2VDA5OjIzOjIyKzA3OjAwIiBzdEV2dDpzb2Z0d2FyZUFnZW50PSJBZG9iZSBQaG90b3Nob3AgQ0MgKFdpbmRvd3MpIi8+IDxyZGY6bGkgc3RFdnQ6YWN0aW9uPSJzYXZlZCIgc3RFdnQ6aW5zdGFuY2VJRD0ieG1wLmlpZDo1NDZmNzk1OC0wNTFlLTJjNDUtODkxZC1kNmNiNzIxZDM3ZGMiIHN0RXZ0OndoZW49IjIwMTgtMDQtMjZUMDk6MjM6MjIrMDc6MDAiIHN0RXZ0OnNvZnR3YXJlQWdlbnQ9IkFkb2JlIFBob3Rvc2hvcCBDQyAoV2luZG93cykiIHN0RXZ0OmNoYW5nZWQ9Ii8iLz4gPC9yZGY6U2VxPiA8L3htcE1NOkhpc3Rvcnk+IDwvcmRmOkRlc2NyaXB0aW9uPiA8L3JkZjpSREY+IDwveDp4bXBtZXRhPiA8P3hwYWNrZXQgZW5kPSJyIj8+UcizmwAABCdJREFUWIXF2GuIlFUYwPHfLkp2/ZBk072gkgrDCI0yi5RKBzS3+mA5JKVGtVFReKHISxekLMkLxWqR1SZZpF1opCyLMtO0XO26Uh/MwqHasCtRoX14zrDD5G67O7POA4fznvc87zP/Oe95LuetO/KZ0Wos16MBbXikkMtvLp2srwlSu7yJJozCBGzKNGcnlirUEvBBjMT4Qi5fV8jl6/AUlmWaswOKSrUEnIrPCrn8Csg0Z0/D0WluV6Y52wB9agRXlK8h05wdKV73XixAFiszzdmGWq3gIan/MvVtmIkDCrn8bYVc/lS0YlWtVvD11C+CQi7fgpYynUVYXIsVXIvzMB7fdqKXZf/vwTdwEa7DivLJTHN2MI7AGAE4b38CvoURuBbLysAm4fEy/SWFXH5aXS9nkgwOx6O4EDk8W6ZzP+7EJixGAa2FXH4HvfeKx2E+Tiq5N3EfcLMS3BOFXH7yvgz1hpPchVU4rOTeBDxdpjc7taaO4Kg+4FLcJ1bmbPyDa7C8TG9Wak2FXP6GzgxWC3AodmIy7sU9aBSZYT2Gl+jOFCu3FJ3CVQPwLBE6NgqHuDgBwNXoi69ESSWBz8FjJfeqCtgXQ0Sib8XHCephHCTyKbFix4jQshsH4u7UpuKmrv7g/3nxybgyQQwWIaMobZguQsMfZc/9jNPxBTbgitTW46ME/10lgMNEmBiaxnuwTXjnh1iHzzuxu63kuljb/SlS3Fqc2BW4jgCLgZMID+Ue2F0ZlX7nHfTDOdjR1YfL9+BLCW4h6kR0H64y2Y6bRY69RLyBLkspYBMuE+HhVsxNxt9FPgH3RG7HjbgFa7r7cBFwpHD7+SJvHoUZIncOwWiR6LsrxwoPXyPVft2V4h58GT/gjjT+O/UN2JWuv++B/ddSf2lP4AjAYThY1GhF+VE4SDG5T8cn3bQ9AmeK7bK3EsBp6fr5srnleC7p/NUD28tELl7YUzhiD2bxaQfze/QM7hQcJ0JWRVIvVmhdpYYwSDtQY+rnVWq06MW7KzUkwkgxwF8lQtTvlRotAvav0E4fcUprTeMB9nEo6onUi5ByQYV2+ovD+GTtlfTGCm0iAFdioMpqwz44V+zlh9K99ypDC6nXvpEndqbYiawVB/ANaTwFW/BLZWgh9aI++0nUdd2VV8RBfE4az0j9pMrRQoqvNSsq4ie7+NzloigdIyqV2SLMzBXfXbZUC7CYizfiAZHSdmo/V5TqnS/+SKP4M22iyt4qAvM2/Cbqv6pJacE6A4eKc8Mg4ZFtaS6Dt9P1B+LktjqNp2AJfsUZ1YTjv57bKFZxnCgYFoiE35ag+4myfbU4q3yT4DbjeLH6vQpIfDseiFdFdtgqDkUvikC8N7UXRBU0QdSMu6sNR8eHpu0YKwrXsSLGnZD0W0RxsRrv9wZUqfwLN1fxsWRG4YEAAAAASUVORK5CYII="
3, "Thủy - Hải sản", "data:image/png;base64,iVBORw0KGgoAAAANSUhEUgAAACgAAAAoCAYAAACM/rhtAAAACXBIWXMAAAsTAAALEwEAmpwYAAAFwmlUWHRYTUw6Y29tLmFkb2JlLnhtcAAAAAAAPD94cGFja2V0IGJlZ2luPSLvu78iIGlkPSJXNU0wTXBDZWhpSHpyZVN6TlRjemtjOWQiPz4gPHg6eG1wbWV0YSB4bWxuczp4PSJhZG9iZTpuczptZXRhLyIgeDp4bXB0az0iQWRvYmUgWE1QIENvcmUgNS42LWMxNDIgNzkuMTYwOTI0LCAyMDE3LzA3LzEzLTAxOjA2OjM5ICAgICAgICAiPiA8cmRmOlJERiB4bWxuczpyZGY9Imh0dHA6Ly93d3cudzMub3JnLzE5OTkvMDIvMjItcmRmLXN5bnRheC1ucyMiPiA8cmRmOkRlc2NyaXB0aW9uIHJkZjphYm91dD0iIiB4bWxuczp4bXA9Imh0dHA6Ly9ucy5hZG9iZS5jb20veGFwLzEuMC8iIHhtbG5zOnhtcE1NPSJodHRwOi8vbnMuYWRvYmUuY29tL3hhcC8xLjAvbW0vIiB4bWxuczpzdEV2dD0iaHR0cDovL25zLmFkb2JlLmNvbS94YXAvMS4wL3NUeXBlL1Jlc291cmNlRXZlbnQjIiB4bWxuczpkYz0iaHR0cDovL3B1cmwub3JnL2RjL2VsZW1lbnRzLzEuMS8iIHhtbG5zOnBob3Rvc2hvcD0iaHR0cDovL25zLmFkb2JlLmNvbS9waG90b3Nob3AvMS4wLyIgeG1wOkNyZWF0b3JUb29sPSJBZG9iZSBQaG90b3Nob3AgQ0MgKFdpbmRvd3MpIiB4bXA6Q3JlYXRlRGF0ZT0iMjAxOC0wNC0yNlQwOTozMjo1MSswNzowMCIgeG1wOk1ldGFkYXRhRGF0ZT0iMjAxOC0wNC0yNlQwOTozMjo1MSswNzowMCIgeG1wOk1vZGlmeURhdGU9IjIwMTgtMDQtMjZUMDk6MzI6NTErMDc6MDAiIHhtcE1NOkluc3RhbmNlSUQ9InhtcC5paWQ6MGI2MDE2ZGYtYTRhMi02NDRlLThjZGEtYjlkYzc2OTQwMjIyIiB4bXBNTTpEb2N1bWVudElEPSJhZG9iZTpkb2NpZDpwaG90b3Nob3A6MTJiY2U0MWQtYmQzMS03ODRjLWE2N2UtM2UyYWMyYzhjNTUwIiB4bXBNTTpPcmlnaW5hbERvY3VtZW50SUQ9InhtcC5kaWQ6OTZlYmM2ZTAtZDI4Yi05NjQwLThlMWYtM2JhZTg0ZWViOTE2IiBkYzpmb3JtYXQ9ImltYWdlL3BuZyIgcGhvdG9zaG9wOkNvbG9yTW9kZT0iMyI+IDx4bXBNTTpIaXN0b3J5PiA8cmRmOlNlcT4gPHJkZjpsaSBzdEV2dDphY3Rpb249ImNyZWF0ZWQiIHN0RXZ0Omluc3RhbmNlSUQ9InhtcC5paWQ6OTZlYmM2ZTAtZDI4Yi05NjQwLThlMWYtM2JhZTg0ZWViOTE2IiBzdEV2dDp3aGVuPSIyMDE4LTA0LTI2VDA5OjMyOjUxKzA3OjAwIiBzdEV2dDpzb2Z0d2FyZUFnZW50PSJBZG9iZSBQaG90b3Nob3AgQ0MgKFdpbmRvd3MpIi8+IDxyZGY6bGkgc3RFdnQ6YWN0aW9uPSJzYXZlZCIgc3RFdnQ6aW5zdGFuY2VJRD0ieG1wLmlpZDowYjYwMTZkZi1hNGEyLTY0NGUtOGNkYS1iOWRjNzY5NDAyMjIiIHN0RXZ0OndoZW49IjIwMTgtMDQtMjZUMDk6MzI6NTErMDc6MDAiIHN0RXZ0OnNvZnR3YXJlQWdlbnQ9IkFkb2JlIFBob3Rvc2hvcCBDQyAoV2luZG93cykiIHN0RXZ0OmNoYW5nZWQ9Ii8iLz4gPC9yZGY6U2VxPiA8L3htcE1NOkhpc3Rvcnk+IDwvcmRmOkRlc2NyaXB0aW9uPiA8L3JkZjpSREY+IDwveDp4bXBtZXRhPiA8P3hwYWNrZXQgZW5kPSJyIj8+Bf4Y6gAABZpJREFUWIXN2XmsnXMaB/DPrdYyudcePUMRu4illhHLqExVxVHLJbY6tsGM1l6JYRgxsU0xo2gtEUKcEtu11YnlJpaQYtQ2oaGxzEiTQxXVTm3V44/n9849Pc577mriSd487/0t7/t9n9/z+z7f37lttVrNL9naRt61///jPXviYayLu3AaFkO1VGk5cdjPDCyz+wS413AsHuzrxL4C3A03Y41+QwtbH//EzpiNfTED+wwFwPPTQ/+IGwYIcDna0/05+AKT0V0oFycOBuDtuBJdeEAsz5aDAAkvYwNshUWYWSgX2wYC8AqcKJL6MBye2m8dALg2rFT399d4D3OgWqrkUsnwnPatcYFY2uPq2mfimHQ/DKPE0q2EVnzVlkA12lyMLZSLR+LZaqnyyU8m5tBMFzoxEp/WtZ8u8nAxOloAamZvYnRD29p4Syw5TK+WKmf0BeB3WIo1098n47IEWOp7A/9KH/CdiFKeLcU8PNqkrwOTxMdviPZqqfLfrDNviWv4GLuKZd08tV0iNsvbLcD0y6qlymJcVSgXH8M7gjMPyPrzNsl0sVtfTuCmiI/561CCawA6V1SYYgKL/AiuhZUF83fiP0OMZxOcgVUL5eIILMO3+Cz1T2gF8DpBLzNRynnBbSLh56Abz2BBPwBuIQi7mS3FuXkAT8SZIpnzwMEq2Cldp6S2u8VGmtsHgN8kf5rg2ZVFug3H19VS5ctmAH8tKsdHOLjJQ9dIYz5N4LMPOEREY2K6LsdFfQAJC9ImybX6TfJA8uNzxh4iorMQ83EpNhIyam/sgFdxIZ7sI8D23gZkALfFHiLv5uWMvRN/EEuyqojSv/EcthOE+xtRu8en9kFbBnB68pObjJkh8muSiPJxWAfr4RaMSeDOS+P/nMCPMbC6/ROAHWKJZuOrJmPG4GjciM9FTb1A7NpTBU++hqm4Ps25HLNEBdp9sAD3S/f1Wq9d1Eli+dqwscivhULp1IRweF8I0XsFt01N8w5KPsvtAQP8bbqfXdd+XgJSw9P4vSDrK4SCORRLUMa0NOcovJDm7p3mXifU9C4N782UT6+CeZhIbFasFs+LiMzBOEHMNUFD7XhIVJsunCVyEcYm/3DylyR/dsN7M2GxrC8AtxHRWF7X3i0isovQehPwrCDyxaL8LRNC9h6xu8/B9zhJqKBOfJmuIxveu2bys/Viw9LghS3GLMfj+J3I16Uicplumyio6R8iqren9hnJvygKwmp1z9ww+fML5eLOvQHsjz0lNOFbYsdm1WTf5O9PviyqDryEH/REjZBxxIq8WigXb2wFsNYAdJqgm4es+NWZLRFCYYEg7Y0EYT+h5xh5c/LjcI1ggM/qnnE0PkjPmYVJhXKxOw8g8YVwlUj6r0Rpe1JzpVwTZ2XpBfQokP3xerqfIITBfJGfhMAYIaL9ZrVUORAXY59CudiVBzCbfJbYBKNE3u2FXzX7MhGBmwRPbiXUcAb0W6GMX2ky7+rkp2UN1VLlUsGxnYVy8fhmAEckf6uoLHOE7H5d89NYZlOSz3LoQ7HMP4ide3fD+FGCirpRbeh7Mfk7CuXi6lljJreyM+vpgueOF1zYaUX6abRvhILJ+O85oZY7pB+HGuwRkcPZphpZKBfH4k9CDS3CX/Ss6P8A1p9pT0hXX+0+wZc7iuW9RvOonyvyj8jtXa24s2/BxdVSpf6Ym3sm6Y9l8mycyK/Pm4zpFMCXCOIeL4RvV7pmVUuVRc0ePhQA3xX8+G5O/xGibC4Uyzi/vrO33weHAuBcPYqo0f4uNlIV2+vfwQo/3w+YB4pITREnvs0NABwRwTZ1u2YQtrWgpsnYNLVNwbWDeehwoUo2E5Kq1e8r9VZLYztEdEY39E/F38SGGJQNFzw2WojSgdo8Qb5PiNLXijv7ZW2/9H9D/AizS2YdtBkSfQAAAABJRU5ErkJggg=="
4, "Thực phẩm đóng hộp", "data:image/png;base64,iVBORw0KGgoAAAANSUhEUgAAACgAAAAoCAYAAACM/rhtAAAACXBIWXMAAAsTAAALEwEAmpwYAAAFwmlUWHRYTUw6Y29tLmFkb2JlLnhtcAAAAAAAPD94cGFja2V0IGJlZ2luPSLvu78iIGlkPSJXNU0wTXBDZWhpSHpyZVN6TlRjemtjOWQiPz4gPHg6eG1wbWV0YSB4bWxuczp4PSJhZG9iZTpuczptZXRhLyIgeDp4bXB0az0iQWRvYmUgWE1QIENvcmUgNS42LWMxNDIgNzkuMTYwOTI0LCAyMDE3LzA3LzEzLTAxOjA2OjM5ICAgICAgICAiPiA8cmRmOlJERiB4bWxuczpyZGY9Imh0dHA6Ly93d3cudzMub3JnLzE5OTkvMDIvMjItcmRmLXN5bnRheC1ucyMiPiA8cmRmOkRlc2NyaXB0aW9uIHJkZjphYm91dD0iIiB4bWxuczp4bXA9Imh0dHA6Ly9ucy5hZG9iZS5jb20veGFwLzEuMC8iIHhtbG5zOnhtcE1NPSJodHRwOi8vbnMuYWRvYmUuY29tL3hhcC8xLjAvbW0vIiB4bWxuczpzdEV2dD0iaHR0cDovL25zLmFkb2JlLmNvbS94YXAvMS4wL3NUeXBlL1Jlc291cmNlRXZlbnQjIiB4bWxuczpkYz0iaHR0cDovL3B1cmwub3JnL2RjL2VsZW1lbnRzLzEuMS8iIHhtbG5zOnBob3Rvc2hvcD0iaHR0cDovL25zLmFkb2JlLmNvbS9waG90b3Nob3AvMS4wLyIgeG1wOkNyZWF0b3JUb29sPSJBZG9iZSBQaG90b3Nob3AgQ0MgKFdpbmRvd3MpIiB4bXA6Q3JlYXRlRGF0ZT0iMjAxOC0wNC0yNlQwOTozMTo0MyswNzowMCIgeG1wOk1ldGFkYXRhRGF0ZT0iMjAxOC0wNC0yNlQwOTozMTo0MyswNzowMCIgeG1wOk1vZGlmeURhdGU9IjIwMTgtMDQtMjZUMDk6MzE6NDMrMDc6MDAiIHhtcE1NOkluc3RhbmNlSUQ9InhtcC5paWQ6ZmMzNzBhNjYtOTI5MC1lMTRiLWEwMTAtN2MwNTgzM2YxOGFlIiB4bXBNTTpEb2N1bWVudElEPSJhZG9iZTpkb2NpZDpwaG90b3Nob3A6MWY2ZDllNTQtODMyOC04NTRiLThlNzAtN2JkNzI0MzM3MDE4IiB4bXBNTTpPcmlnaW5hbERvY3VtZW50SUQ9InhtcC5kaWQ6MGZmMGEwM2EtYTYzNS0xNTQxLWE1YWQtM2E1MzU5YmJmOGU0IiBkYzpmb3JtYXQ9ImltYWdlL3BuZyIgcGhvdG9zaG9wOkNvbG9yTW9kZT0iMyI+IDx4bXBNTTpIaXN0b3J5PiA8cmRmOlNlcT4gPHJkZjpsaSBzdEV2dDphY3Rpb249ImNyZWF0ZWQiIHN0RXZ0Omluc3RhbmNlSUQ9InhtcC5paWQ6MGZmMGEwM2EtYTYzNS0xNTQxLWE1YWQtM2E1MzU5YmJmOGU0IiBzdEV2dDp3aGVuPSIyMDE4LTA0LTI2VDA5OjMxOjQzKzA3OjAwIiBzdEV2dDpzb2Z0d2FyZUFnZW50PSJBZG9iZSBQaG90b3Nob3AgQ0MgKFdpbmRvd3MpIi8+IDxyZGY6bGkgc3RFdnQ6YWN0aW9uPSJzYXZlZCIgc3RFdnQ6aW5zdGFuY2VJRD0ieG1wLmlpZDpmYzM3MGE2Ni05MjkwLWUxNGItYTAxMC03YzA1ODMzZjE4YWUiIHN0RXZ0OndoZW49IjIwMTgtMDQtMjZUMDk6MzE6NDMrMDc6MDAiIHN0RXZ0OnNvZnR3YXJlQWdlbnQ9IkFkb2JlIFBob3Rvc2hvcCBDQyAoV2luZG93cykiIHN0RXZ0OmNoYW5nZWQ9Ii8iLz4gPC9yZGY6U2VxPiA8L3htcE1NOkhpc3Rvcnk+IDwvcmRmOkRlc2NyaXB0aW9uPiA8L3JkZjpSREY+IDwveDp4bXBtZXRhPiA8P3hwYWNrZXQgZW5kPSJyIj8+8OWERwAABjBJREFUWIWt2H/sV1UZB/DXt8DplBJTd12TkGmFjgBzZEJr2iR2+wFOJMw7E0dpkmlhNdmkIDVL21pZrkzFuq0fkrXCi5QuXIZBLpUEyVArJa7Yr2kGCfTtj+d84vLl8+uLPNvdOec5zzn3fZ/7/DpnYHBwUD+UlfkSLO5LuDd9CR+Duqi6Co7oZ7eszK/Flfgp1if2wDBBtTRxAi7Hq3Fhr0U9AWZl/soE7o66qOa0mR8WykTPYQE+in91E3xFH5u1ZP68P0g60B9T21NBA/3YYFbmqzAd5+MPOBi78SC2J7GjcJL49e02HcAOjMH38DAm97LBvgAmkCXOG8I+FWtT/wpc39dmYctzsOOAOEkDwHnYjPlCg+sb88vwmy7rB3Ed3opPCW32pJ4azMr8AlyKk1HjlLqotjTm+3lPi0ZjHY7HRtyIm+ui2tVpQUcnycq8yMp8N24ToeFzGNcEtx/0D7weVwmb/Rp2ZmX+4U4L2mowK/NFuAaPYGFdVPd2+ZCXgddp+AKm4ot1UV0xVGAfDWZlPjGBu7kuqkndwB0AWlMX1TQsxcKszM/sCVAYsrqoPnSAQCzDJry7k0BdVJ8WTvfZoXPtvHgyfp+V+VgBdiJuqIvqlv0AtxIz8DcRWt6AxzvIbkjze1E7DW5Pgk/hfTgE38zK/D1NoazMsyHrpuOD9nz09ATuXByZeK04eQmexg+yMj868f4p8nNPgHfiT6l/el1UY/EX/CQBm5CV+V+xNSvzFRiFi7EK38AWnJ3GD4usIc29VzjeV9M7zsGzyYunitDTHWBdVAvxzjQ8IrVvS+AGRXB+HlfjXal/E27AJLwGy8WfOFnEus24KIEcg09iLsZjtQg3NWb3BJioFXtGJtBPpi+scHVdVOPqorpK2OfXMQ+fSNoZJcLHUWmflfhy2u8iEayvFyY0vi6q09Pc7LqoNg0F0inVHTKUURfVGqExWZk/hGvqolqelfnFQ0S344HUfy3uSv3FeD/emMaT8UxW5qel8X/bAemn3JKV+cyszD+Q+gfjCfw9TZ8kNDVOaG5e4yOfEY4m9R9tbPuocIzDG/L7UK9iofWrLxXp7va6qHbY21Y24TPCOZbizSI9bsfbhW3BrekZSju7AeilwVZZP11oSFbmC7IyX5r6o0RtuAT/QYETMQXXiji6Ae9o7Dk3gTq8x7vRZ7lVF1XTPs4UcXKxCD1TcGiaG437MCGNH8GTuCetuyfxrtRnudXvoekIjKiLaltdVLMaU0vsrYkLE7j5WIFnE/+3+LkI3KvwWD/vpfcvbtngnSLo7kV1Ua3Gjxusj+AF3NIAR8TDDbhbhKG+qV8bXIQLICvzFVmZP91Bfqwon9rR5tT+exj4+rbBNY3hd9AswU7ELHGMpHPZP1P83t0HEuAgZGV+OY6ui2pRXVTfTbxjhV21KpAn8DvxG6cMAToptUuHA44+AzWmYUZW5odlZX5M4s1P4BaIEHS8PeeWdSLrfDz1H0prRg4XYC8NDkBdVLMhK/PrxOluhMgY20Sib9GuBPZXwouJbHGryDirRbZ5QJ80nGMnfAv3ZWV+OI7FwjYy24VDTMZx9twiDIhidQ3OwC8OOMC6qDZiY1bm5yfW2g6i5+CHDXCEPZ+Al4Tt9vXuTjbYCi//P/JlZf6VrMznpuGvsRU/E7bXpGmp3ed8keglYQJN4M139gWwxW8eqGdK3lgX1eOiFhwp7mqmiixyL36Z5NuFk+NEWry9wWvJtcXSSc0vpPagFqMuqjFNgbqonsvK/EhxHLg/sXeKEn+CCDnjRbXTostSu6LBa3n2i+2AdNLgU6k9q8N8C+Tzwq4W4k3ig87FW8QtwmMiDC0Xv/Iy4cHbGtvMSG3b/NzxbiYr8ztE3XdQXVQ7szI/RQTfiXVRrc/K/C6hoXEd8B8qYuJhabxSZKEf2TvdDWJtXVSnttukW6BuVcbroC6qB8W5o1WA3obPd1n/Il4nssoA8gSwCe7u1J7daZOut1tZmc/B9xPIWXVRbW0j0wVjRzpG3DhMxyV1Ud20XwATgLNEuUU4w/3iqEn/F+mD6XmVsM8zEn9eXVTLui3s9wp4tEj080WJ/3JoF74truC29Lph/R+Wd+FZLgqPtwAAAABJRU5ErkJggg=="
5, "Gia vị thực phẩm", "data:image/png;base64,iVBORw0KGgoAAAANSUhEUgAAACgAAAAoCAYAAACM/rhtAAAACXBIWXMAAAsTAAALEwEAmpwYAAAFs2lUWHRYTUw6Y29tLmFkb2JlLnhtcAAAAAAAPD94cGFja2V0IGJlZ2luPSLvu78iIGlkPSJXNU0wTXBDZWhpSHpyZVN6TlRjemtjOWQiPz4gPHg6eG1wbWV0YSB4bWxuczp4PSJhZG9iZTpuczptZXRhLyIgeDp4bXB0az0iQWRvYmUgWE1QIENvcmUgNS42LWMxNDIgNzkuMTYwOTI0LCAyMDE3LzA3LzEzLTAxOjA2OjM5ICAgICAgICAiPiA8cmRmOlJERiB4bWxuczpyZGY9Imh0dHA6Ly93d3cudzMub3JnLzE5OTkvMDIvMjItcmRmLXN5bnRheC1ucyMiPiA8cmRmOkRlc2NyaXB0aW9uIHJkZjphYm91dD0iIiB4bWxuczp4bXA9Imh0dHA6Ly9ucy5hZG9iZS5jb20veGFwLzEuMC8iIHhtbG5zOnhtcE1NPSJodHRwOi8vbnMuYWRvYmUuY29tL3hhcC8xLjAvbW0vIiB4bWxuczpzdEV2dD0iaHR0cDovL25zLmFkb2JlLmNvbS94YXAvMS4wL3NUeXBlL1Jlc291cmNlRXZlbnQjIiB4bWxuczpkYz0iaHR0cDovL3B1cmwub3JnL2RjL2VsZW1lbnRzLzEuMS8iIHhtbG5zOnBob3Rvc2hvcD0iaHR0cDovL25zLmFkb2JlLmNvbS9waG90b3Nob3AvMS4wLyIgeG1wOkNyZWF0b3JUb29sPSJBZG9iZSBQaG90b3Nob3AgQ0MgKFdpbmRvd3MpIiB4bXA6Q3JlYXRlRGF0ZT0iMjAxOC0wNC0yNlQwOTozMCswNzowMCIgeG1wOk1ldGFkYXRhRGF0ZT0iMjAxOC0wNC0yNlQwOTozMCswNzowMCIgeG1wOk1vZGlmeURhdGU9IjIwMTgtMDQtMjZUMDk6MzArMDc6MDAiIHhtcE1NOkluc3RhbmNlSUQ9InhtcC5paWQ6MjU0YmEwNDYtOGQxNS1mOTRkLTk1MTMtY2MwMDhjM2Y4Nzk2IiB4bXBNTTpEb2N1bWVudElEPSJhZG9iZTpkb2NpZDpwaG90b3Nob3A6ODc2YWYzYTktNzdlYi05ZTQ4LWE1N2YtOTJhMTMwODMxM2ZjIiB4bXBNTTpPcmlnaW5hbERvY3VtZW50SUQ9InhtcC5kaWQ6MDAwZTFmYmUtNWYxZS0wZTQxLWJiMDktN2UwNzUwZGNiOTAxIiBkYzpmb3JtYXQ9ImltYWdlL3BuZyIgcGhvdG9zaG9wOkNvbG9yTW9kZT0iMyI+IDx4bXBNTTpIaXN0b3J5PiA8cmRmOlNlcT4gPHJkZjpsaSBzdEV2dDphY3Rpb249ImNyZWF0ZWQiIHN0RXZ0Omluc3RhbmNlSUQ9InhtcC5paWQ6MDAwZTFmYmUtNWYxZS0wZTQxLWJiMDktN2UwNzUwZGNiOTAxIiBzdEV2dDp3aGVuPSIyMDE4LTA0LTI2VDA5OjMwKzA3OjAwIiBzdEV2dDpzb2Z0d2FyZUFnZW50PSJBZG9iZSBQaG90b3Nob3AgQ0MgKFdpbmRvd3MpIi8+IDxyZGY6bGkgc3RFdnQ6YWN0aW9uPSJzYXZlZCIgc3RFdnQ6aW5zdGFuY2VJRD0ieG1wLmlpZDoyNTRiYTA0Ni04ZDE1LWY5NGQtOTUxMy1jYzAwOGMzZjg3OTYiIHN0RXZ0OndoZW49IjIwMTgtMDQtMjZUMDk6MzArMDc6MDAiIHN0RXZ0OnNvZnR3YXJlQWdlbnQ9IkFkb2JlIFBob3Rvc2hvcCBDQyAoV2luZG93cykiIHN0RXZ0OmNoYW5nZWQ9Ii8iLz4gPC9yZGY6U2VxPiA8L3htcE1NOkhpc3Rvcnk+IDwvcmRmOkRlc2NyaXB0aW9uPiA8L3JkZjpSREY+IDwveDp4bXBtZXRhPiA8P3hwYWNrZXQgZW5kPSJyIj8+ETrrRQAABXtJREFUWIW92GusHVUVB/BfSym1NFCwmgGxaAWipLEaNBosRjEEHT4ISSmmjlBEVGI1aqiJRqIYIfVtImgiMSnJCAbUgiUDFgFBEkUJxWCrDWCNj3awpa1FBavt8cPaw517es+555x7dCWTtZ9r/2fvvV57VqfTkZX5AzjLZPoHjsIc46d/4qu4qi6qvgObxc/CE7ir1bcGB3Dd/wDgGlyEq6Yb2N6d9XVRXdNUsjJfjc11UX24n4CszEcB+C4cMcjA2a3yi6bomz/K6gPQEfjXIANnTz9kIHonLh2TrEk0DgV4B25L5fm4fgwyn6cZAczK/BxUQrn+JBTqEL41c2hBIwPMyvx4bMIfxS7Cy/FN3I+tM0ZnZnfw04m/odV2TuI3zEDuJJoO4Kw+fRdgP+qu9ntx5gByO9OMwfRHfAiyMj8jLbogtW3FQTw3xZxnhYE/F0sxN43bIq4EYWYOjgNgY6tuwmk9fuAU4YXgSOGV5prslRqai3/jSZyK3VmZH4PbcXldVPu6J0x3xIcSfwl+gyUJaC5My2zc3Rp/H47BQ7gQr0xzytTfeI+9OFpckbuwAqunAjCoFr8Au+qi2p7qj+POrMzvwdl4EHvwJrE7b+ya/2RXfUHiS3As9uG3owBsdvgAFk/R/wk8nIA1dO0U405uySF2uaHroS6qH/cD0IuOSvyHeEVW5vO6+ncl/lkUqdyt1URw8BcTV2axCTt5EX7dC8B0AJv+KxPfkpX5ya3+/Yl/D99N5Wdb/cfiDszDqtT2MnFlrk71ObilF4DpjrgDdVHtzMr8AmzAH7Iy34FnEgA4CU+l8kbh9uabuBZX4oFUfnvit+C8VL61F4CBPUldVLcJ03CD2Ll5if9IHNf+tND2BO5AAnEmvtIStaJV/gw6dVE93mvdoXxxXVRP4P3ttq6AdeUAYt4mzBG8XvxgTxpXPDgonZ741a21N/Sb8P8GeEni9+MDUBfV+n4TxhGwHocz8Dq8SmjpCUKBFgr3RpiYDjan+sWQlfkXhZ9+uC6qLWMBmJX5InEXLxW+uKE92Ia/Ci3fIszOc+lH3orGIL82jVnbkkso1nfqoto0EsCszFeYMAt7hFb/RFz8s7EI3xZBQTf9XNy5U4QTuFAc96uxHOcLRVuZlfntdVGdPxTArMyXJHB3Y2VdVPtaWnwtPpnK1+EtafE5uFEoyDr8Uvjgj2NjStwfTN+6tM4lWM/wStJ4kV0O36FT8XlhnB8yobE7hRdZKjzOCvweX+uzzt+xm+GPeEfiq7AqK/PtImm6F5eZcH3taGat8C5PJ3CPtgVmZX6cCOGWiyC3SRv+NgrAJty6VRzVR/Ch9DW0V7i6p9Iiv8AH8eL0g7nYzRNFnNlNG8QV+tTQAOuiOpCV+V6cXhfVSnw5K/MXmjAzy4SpOVEc8RyTXVtDz4gdvUdo+iP4VV1UWyEr8zcL/z6SmbkRH83KfGEK0Z8WucamPnOa5OuwRKnH69YXmsIonuRLiX9jiDkdA2ZxWZkvEHf4B4wAsC6qHbgTRVbmC4edPwB9P/E1TAa4ewgh7078p2MA9DxlZX6e0OSv10VVMxngqqzMX9Oqz9LjDa8uqr3C1CwTTx3jALdURN/b6qL6WNPeAFwntG9zVuaPZGV+rtC0nrtaF9XNeC+umCnIrMyX4zGRh7efUszqdDrNoBPwPnyu1X9IHONUTyAHha1rjvt3IjnqmQD1oGuEzduFZXVR7ZwSYJuyMr84LbYUL+0j/D8i5z1owrXdIR7I7+s1SdjJ1SIbPFIoxnvqojrsKWVKgMNQK1hYJHb/ilb3z8SLxB6RyS0WJuSk1L8Na+ui2thL/jgBNnS0yJGLBKbbGfxZvMWsF0FqX/n/BQWdfoEWzsP6AAAAAElFTkSuQmCC"
6, "Sữa, Mật - Sản phẩm từ Sữa,mật", "data:image/png;base64,iVBORw0KGgoAAAANSUhEUgAAACgAAAAoCAYAAACM/rhtAAAACXBIWXMAAAsTAAALEwEAmpwYAAAFwmlUWHRYTUw6Y29tLmFkb2JlLnhtcAAAAAAAPD94cGFja2V0IGJlZ2luPSLvu78iIGlkPSJXNU0wTXBDZWhpSHpyZVN6TlRjemtjOWQiPz4gPHg6eG1wbWV0YSB4bWxuczp4PSJhZG9iZTpuczptZXRhLyIgeDp4bXB0az0iQWRvYmUgWE1QIENvcmUgNS42LWMxNDIgNzkuMTYwOTI0LCAyMDE3LzA3LzEzLTAxOjA2OjM5ICAgICAgICAiPiA8cmRmOlJERiB4bWxuczpyZGY9Imh0dHA6Ly93d3cudzMub3JnLzE5OTkvMDIvMjItcmRmLXN5bnRheC1ucyMiPiA8cmRmOkRlc2NyaXB0aW9uIHJkZjphYm91dD0iIiB4bWxuczp4bXA9Imh0dHA6Ly9ucy5hZG9iZS5jb20veGFwLzEuMC8iIHhtbG5zOnhtcE1NPSJodHRwOi8vbnMuYWRvYmUuY29tL3hhcC8xLjAvbW0vIiB4bWxuczpzdEV2dD0iaHR0cDovL25zLmFkb2JlLmNvbS94YXAvMS4wL3NUeXBlL1Jlc291cmNlRXZlbnQjIiB4bWxuczpkYz0iaHR0cDovL3B1cmwub3JnL2RjL2VsZW1lbnRzLzEuMS8iIHhtbG5zOnBob3Rvc2hvcD0iaHR0cDovL25zLmFkb2JlLmNvbS9waG90b3Nob3AvMS4wLyIgeG1wOkNyZWF0b3JUb29sPSJBZG9iZSBQaG90b3Nob3AgQ0MgKFdpbmRvd3MpIiB4bXA6Q3JlYXRlRGF0ZT0iMjAxOC0wNC0yNlQwOToyNjo0OSswNzowMCIgeG1wOk1ldGFkYXRhRGF0ZT0iMjAxOC0wNC0yNlQwOToyNjo0OSswNzowMCIgeG1wOk1vZGlmeURhdGU9IjIwMTgtMDQtMjZUMDk6MjY6NDkrMDc6MDAiIHhtcE1NOkluc3RhbmNlSUQ9InhtcC5paWQ6ZGFkMWEwMzUtMTgwMy1lNzRjLTgwMmEtNGRhYjAzNWIwODIzIiB4bXBNTTpEb2N1bWVudElEPSJhZG9iZTpkb2NpZDpwaG90b3Nob3A6OTZlZGU3ZGItNmFmNy01ZjQ4LTk2YWQtZTMxNTEzNjAxMTE3IiB4bXBNTTpPcmlnaW5hbERvY3VtZW50SUQ9InhtcC5kaWQ6NmFlMThjMTAtNzAxOS02NTQ2LTg3ZTYtN2JiMTQ0YTdmNGYxIiBkYzpmb3JtYXQ9ImltYWdlL3BuZyIgcGhvdG9zaG9wOkNvbG9yTW9kZT0iMyI+IDx4bXBNTTpIaXN0b3J5PiA8cmRmOlNlcT4gPHJkZjpsaSBzdEV2dDphY3Rpb249ImNyZWF0ZWQiIHN0RXZ0Omluc3RhbmNlSUQ9InhtcC5paWQ6NmFlMThjMTAtNzAxOS02NTQ2LTg3ZTYtN2JiMTQ0YTdmNGYxIiBzdEV2dDp3aGVuPSIyMDE4LTA0LTI2VDA5OjI2OjQ5KzA3OjAwIiBzdEV2dDpzb2Z0d2FyZUFnZW50PSJBZG9iZSBQaG90b3Nob3AgQ0MgKFdpbmRvd3MpIi8+IDxyZGY6bGkgc3RFdnQ6YWN0aW9uPSJzYXZlZCIgc3RFdnQ6aW5zdGFuY2VJRD0ieG1wLmlpZDpkYWQxYTAzNS0xODAzLWU3NGMtODAyYS00ZGFiMDM1YjA4MjMiIHN0RXZ0OndoZW49IjIwMTgtMDQtMjZUMDk6MjY6NDkrMDc6MDAiIHN0RXZ0OnNvZnR3YXJlQWdlbnQ9IkFkb2JlIFBob3Rvc2hvcCBDQyAoV2luZG93cykiIHN0RXZ0OmNoYW5nZWQ9Ii8iLz4gPC9yZGY6U2VxPiA8L3htcE1NOkhpc3Rvcnk+IDwvcmRmOkRlc2NyaXB0aW9uPiA8L3JkZjpSREY+IDwveDp4bXBtZXRhPiA8P3hwYWNrZXQgZW5kPSJyIj8+j1m4ngAABJhJREFUWIXN2VmoFmUYB/DfUcnKss1oKCsqyYsyKooySqKEYrINzLZpwaIgkrrIiiICCSyCKKIIAy9ioM02qbnJihBKSkixLipLyZYRDbSUTO2cLt730znjN3OW6pz+MLzb88z7/955tpmvp6+vTxOSPH0a9zQK7EUvbkEex7PwCiYMQndxmRW3NS32NBFM8vQmvIQP8C3GtGwyEydiErZgNzbhbTSdQC+OweW4v8yKJ7sJjWvZ9Doos2Jmi4wkT2E8dmAqvo9L5+ObNt2IPtyMIRNcjTTJ0znYqPkE/8LFsf8Lfo/9eXgdYxv0ejEx9lc1kWgj+DhuxKstMlW8g3Wxvwh3x2sgbML8psVGG4QkTzuP7n28iJ6aSB+eF2yvvrYBk3Ftl1v34ULchTPKrFjVxKHtBOHS2C4qs2JJN4EkT6/G9ZiCtXF6ouAA6/Baw70/jQQv0/KIGz0zydP7BC9cgbea5HCfYHvf4mycIHhyD+a06P0omM9jSZ4+1STU9REneboAj2BpmRVXtmzS8eJJ+EJ4pDsjwYvwVZtuxLOCrXaNh/ucYJKnl0RybwxEroLNwsn9gv0wY5DklFkxD89gbpKntw9IEO+iLLNi9iDJdbAbp8X+M4J9zRYC+EAk7xVs8sUkTw9oJJjk6RWC49w5RHIdbMZiXILnhDj4HbbjaZzaontHbOdWJ+tefFlsPx4mQUI8nIsbhBh3nuDl98RrI94TPHd7kqfHY7pgFjCtjWAS2+3/gOCvsV2Lz7EMC3Aybo1k53bR+0hIjxOrk3Ub7I1tU3oaDDoB+9ja/Dd4SHCmQ3E6zsWUMit6yqy4KO57ZFWpfoIdgvWsMBR0Tr+3RWarkOuVWVGdH6NW/dQJjolKOwZikeRpj2BfZ+KIuOkK7N+gchiuEiqfcR0iMY5WsaWN4K6oNKnMis0NxGYKgXWgGLmzNj5J8PCB0G/fOsFNnTbJ0+X4ED8LpzJNSPwHR5lleAOfCY4xEWcJjjDDvmayK7aPYmllfYO9JdoOHNdG8GDBdt4XYtkFtfV1cYPFZVZsZZ9HtCb+qPVCRumGlfoXB8cL8bFje/1Ovk7wEPSUWXFp3HyyEHr+wPoyKwYTfjon0FTHTaqNPxAefwdlG8Hd6EnydL8yK3aWWfGjUHUMBUONABfiqNhfiaPbCHbQ9oL0r6J6CNFc+kWBESMyXAxUUf/XmJzk6Z6YGNHqJCOJy4VwU8dP1cFoElwt5OYd2BbnFql5+WgS/AELq7k4ydNFOKgqNNo2KMnTNfoXsuur66NBcFtt/DBOERxlIQ6vLo4GwSPtzefKrFgqOkuSpwuFWnEPRpJgJze/EC90LbfWVQcjSXA9HhScYHyDzHyhHtiDkSS4CU/UJ2tePF8tzPwfU92u6qBOsHOif/0LGwz3xaufXp3gWCizYpfhoxNGmr/rtaOf2dUJLoMkT2cN8+bwgPBm9+ZQlJI8PSd2P6nO9/u6FSuLL4VvzS8L6WgwBWif8GOnCy/ffwpB98BB6ibCvwQlppZZ8VtXgpHkBCyx9+PlUPG18BluMH9BVLEc15RZsbE6+Tc81z1fbayZYQAAAABJRU5ErkJggg=="
7, "Đồ uống", "data:image/png;base64,iVBORw0KGgoAAAANSUhEUgAAACgAAAAoCAYAAACM/rhtAAAACXBIWXMAAAsTAAALEwEAmpwYAAAFwmlUWHRYTUw6Y29tLmFkb2JlLnhtcAAAAAAAPD94cGFja2V0IGJlZ2luPSLvu78iIGlkPSJXNU0wTXBDZWhpSHpyZVN6TlRjemtjOWQiPz4gPHg6eG1wbWV0YSB4bWxuczp4PSJhZG9iZTpuczptZXRhLyIgeDp4bXB0az0iQWRvYmUgWE1QIENvcmUgNS42LWMxNDIgNzkuMTYwOTI0LCAyMDE3LzA3LzEzLTAxOjA2OjM5ICAgICAgICAiPiA8cmRmOlJERiB4bWxuczpyZGY9Imh0dHA6Ly93d3cudzMub3JnLzE5OTkvMDIvMjItcmRmLXN5bnRheC1ucyMiPiA8cmRmOkRlc2NyaXB0aW9uIHJkZjphYm91dD0iIiB4bWxuczp4bXA9Imh0dHA6Ly9ucy5hZG9iZS5jb20veGFwLzEuMC8iIHhtbG5zOnhtcE1NPSJodHRwOi8vbnMuYWRvYmUuY29tL3hhcC8xLjAvbW0vIiB4bWxuczpzdEV2dD0iaHR0cDovL25zLmFkb2JlLmNvbS94YXAvMS4wL3NUeXBlL1Jlc291cmNlRXZlbnQjIiB4bWxuczpkYz0iaHR0cDovL3B1cmwub3JnL2RjL2VsZW1lbnRzLzEuMS8iIHhtbG5zOnBob3Rvc2hvcD0iaHR0cDovL25zLmFkb2JlLmNvbS9waG90b3Nob3AvMS4wLyIgeG1wOkNyZWF0b3JUb29sPSJBZG9iZSBQaG90b3Nob3AgQ0MgKFdpbmRvd3MpIiB4bXA6Q3JlYXRlRGF0ZT0iMjAxOC0wNC0yNlQwOTozODo0NiswNzowMCIgeG1wOk1ldGFkYXRhRGF0ZT0iMjAxOC0wNC0yNlQwOTozODo0NiswNzowMCIgeG1wOk1vZGlmeURhdGU9IjIwMTgtMDQtMjZUMDk6Mzg6NDYrMDc6MDAiIHhtcE1NOkluc3RhbmNlSUQ9InhtcC5paWQ6MjgxODM1MmYtMDJkZi0zZjQyLWIzMjMtNWVhOWExZmZjOWMwIiB4bXBNTTpEb2N1bWVudElEPSJhZG9iZTpkb2NpZDpwaG90b3Nob3A6NTZhZGNjMTMtZjMwMS04MDQ4LThiYzctY2M0OGNjMjRlOWUzIiB4bXBNTTpPcmlnaW5hbERvY3VtZW50SUQ9InhtcC5kaWQ6YjMwYmYyYTQtNDU0Yi0xNjQ3LWFmYmYtNWI5ZDQxN2E4MTVkIiBkYzpmb3JtYXQ9ImltYWdlL3BuZyIgcGhvdG9zaG9wOkNvbG9yTW9kZT0iMyI+IDx4bXBNTTpIaXN0b3J5PiA8cmRmOlNlcT4gPHJkZjpsaSBzdEV2dDphY3Rpb249ImNyZWF0ZWQiIHN0RXZ0Omluc3RhbmNlSUQ9InhtcC5paWQ6YjMwYmYyYTQtNDU0Yi0xNjQ3LWFmYmYtNWI5ZDQxN2E4MTVkIiBzdEV2dDp3aGVuPSIyMDE4LTA0LTI2VDA5OjM4OjQ2KzA3OjAwIiBzdEV2dDpzb2Z0d2FyZUFnZW50PSJBZG9iZSBQaG90b3Nob3AgQ0MgKFdpbmRvd3MpIi8+IDxyZGY6bGkgc3RFdnQ6YWN0aW9uPSJzYXZlZCIgc3RFdnQ6aW5zdGFuY2VJRD0ieG1wLmlpZDoyODE4MzUyZi0wMmRmLTNmNDItYjMyMy01ZWE5YTFmZmM5YzAiIHN0RXZ0OndoZW49IjIwMTgtMDQtMjZUMDk6Mzg6NDYrMDc6MDAiIHN0RXZ0OnNvZnR3YXJlQWdlbnQ9IkFkb2JlIFBob3Rvc2hvcCBDQyAoV2luZG93cykiIHN0RXZ0OmNoYW5nZWQ9Ii8iLz4gPC9yZGY6U2VxPiA8L3htcE1NOkhpc3Rvcnk+IDwvcmRmOkRlc2NyaXB0aW9uPiA8L3JkZjpSREY+IDwveDp4bXBtZXRhPiA8P3hwYWNrZXQgZW5kPSJyIj8+nAwyqQAABNtJREFUWIXN2GnMHlMUB/Dfq95Sa6lliKX2LRRRaxGJSk0QISoYiRBbYkvEklhCiO2DCGJJbGEIsS8ZgoQKtQYpaYvat7FXKNU2Xh/uHaaP55l59H2b+CeTM3PnnHP/dzv33DswNDSkCUmejsMe2BnbYCMkWB2DjcaL43d8jy/xAd7BdEwvs6IniWVbyF2Bc7r8+g4f40f8EitfGJ8/o9/B+KyAsVhNaNT62LXm6xOh0f+dYCT3BU7Du/i8zIr5HY1ocdEVYyOpPXFFk2IbQXiizIqHl4RFA+birfgc1KS4TB/Oxg6fT0+MwfJNCv0QHDUyXLpioI1DPwT7mQZLilFt/v8PBBtHqB+CjXNkmBiF0U0K/RAcMzJcumI0lmtSaCO4wNIlOGiYBH8XdoKlheWNAMGVR4zOv7GilhFqI/ibpUtwoWESLHUhmOTpBkmeXtJFfwVcj7W6/LtD2Hvr2EZLRjTQlG4leXo7jsFsHIkZQur1jLACX8MR+Ag74XEhFZuHA/AitsX92CS6PRxPYQruw4IyK3rOw7YgPB9D2BJv1sr/wHU4FR922FyK8/FcR/m5OC6SquPXJgJtBKspsJvQ4u0j0WvLrJib5OltOBlb4ZVI+nNcgxMwEe/jZiF/vAqnYAKmCSnXBcMh+IOwoc8us+KVzp9lVryd5OmJPewu71I+FBtR4bw2Dm0Ev4iyavHfSPJ0F6GHX27xAWtH3a87yjduM2xbxV/VKqiTe0AY0ul4qIftAdg9vs/Ap110kjaCbT34TZTja+ReEMLFRVgkLIoHcWiH7eOYha2F+dhtpbb2YBvBxXowydMnI7kzy6y4OpatgrOFBXB2zXaCEOjh0R7+NxROeT3RNsSV8RpRTsE9FbmIc/AqzurwNwNzWvyPwXtLTLDMikXCdjQxFs3HpCRPV62pjROmQHXkrGNDIQyN6+K+2qE+aOLQT7Y8C9vF972E3WNmkqfrxYq/ErarvbvY7oIb8IYQeuoYH2VnoF8M/SSsb0GSp4NlVryOw7Cu0FvfRXL74AUhkM/DvtH2YaEX3+jitzqsfzRcgrOi3AzKrHgA+ws7yvNC7z4fdX7FS8K5lzDsnwkBuhMTomycp/0McTWJt8XMSPIpYcPvvFmYg/16+LlEGI0qbk6KcnZT5f30YJUkTGzUasaAkEAcVivbE9+XWfFHk2ErwTIrPouvf3dVkqejY/zrhsn4VrhUOjqWDQnp2VHxeyUhxDzTVn8/PUhYuVsleToQv6/Ez0medh5JMzwthJD5uBMnxX/1MLR1lM+OFMF7o9wiykeETGRhTWcq7hLi2hisibdxIw7s8Dc5ymla0O+twZO4WriJml1mxbTKeVwkg0Ii+iE2r9ntICysx4RhnRfLT4iyMQbSZw+WWVGttDN6qFRD/1OXf1UUqKbDGtgAd/dTd79DTMiS10nydFNI8nQgydOpwm3pAmHId8ItHTYHx7JqJzk1ystGmuDFUd4A8V75PlxYq/Am4dxxqzBvT0eO42t+LhTuqmeOKMEyK+bGyiYneXp4LBtQCz9CYnASjsUhQpg5uva/OjBN7bfexmNnNyR5Okc4Qj4ipFkrCpfjhNDyjbBKFwknu7WEVT1J2BZv9k/oUWZFY31Lcve3I+4R5tbBLbpTOr4v1XKK68RfOkMwwcQBKOsAAAAASUVORK5CYII="
8, "Trứng các loại",
9, "Thực phẩm chế biến sẵn", "data:image/png;base64,iVBORw0KGgoAAAANSUhEUgAAACgAAAAoCAYAAACM/rhtAAAACXBIWXMAAAsTAAALEwEAmpwYAAAFwmlUWHRYTUw6Y29tLmFkb2JlLnhtcAAAAAAAPD94cGFja2V0IGJlZ2luPSLvu78iIGlkPSJXNU0wTXBDZWhpSHpyZVN6TlRjemtjOWQiPz4gPHg6eG1wbWV0YSB4bWxuczp4PSJhZG9iZTpuczptZXRhLyIgeDp4bXB0az0iQWRvYmUgWE1QIENvcmUgNS42LWMxNDIgNzkuMTYwOTI0LCAyMDE3LzA3LzEzLTAxOjA2OjM5ICAgICAgICAiPiA8cmRmOlJERiB4bWxuczpyZGY9Imh0dHA6Ly93d3cudzMub3JnLzE5OTkvMDIvMjItcmRmLXN5bnRheC1ucyMiPiA8cmRmOkRlc2NyaXB0aW9uIHJkZjphYm91dD0iIiB4bWxuczp4bXA9Imh0dHA6Ly9ucy5hZG9iZS5jb20veGFwLzEuMC8iIHhtbG5zOnhtcE1NPSJodHRwOi8vbnMuYWRvYmUuY29tL3hhcC8xLjAvbW0vIiB4bWxuczpzdEV2dD0iaHR0cDovL25zLmFkb2JlLmNvbS94YXAvMS4wL3NUeXBlL1Jlc291cmNlRXZlbnQjIiB4bWxuczpkYz0iaHR0cDovL3B1cmwub3JnL2RjL2VsZW1lbnRzLzEuMS8iIHhtbG5zOnBob3Rvc2hvcD0iaHR0cDovL25zLmFkb2JlLmNvbS9waG90b3Nob3AvMS4wLyIgeG1wOkNyZWF0b3JUb29sPSJBZG9iZSBQaG90b3Nob3AgQ0MgKFdpbmRvd3MpIiB4bXA6Q3JlYXRlRGF0ZT0iMjAxOC0wNC0yNlQwOTo0MDo0NSswNzowMCIgeG1wOk1ldGFkYXRhRGF0ZT0iMjAxOC0wNC0yNlQwOTo0MDo0NSswNzowMCIgeG1wOk1vZGlmeURhdGU9IjIwMTgtMDQtMjZUMDk6NDA6NDUrMDc6MDAiIHhtcE1NOkluc3RhbmNlSUQ9InhtcC5paWQ6ZmFhNWEyMTEtNzQ0OS1mZDRkLWJjOWQtMmYxMDdkOWE5ZjJkIiB4bXBNTTpEb2N1bWVudElEPSJhZG9iZTpkb2NpZDpwaG90b3Nob3A6YzU3Njg1NmEtOWZjNi1lZTQwLWI3MzAtYzA5OTJlODEwMTUxIiB4bXBNTTpPcmlnaW5hbERvY3VtZW50SUQ9InhtcC5kaWQ6Y2JlYWIyMGUtOTE5NS01NjRlLTlhMWItNmFkMzljN2M4ZDE2IiBkYzpmb3JtYXQ9ImltYWdlL3BuZyIgcGhvdG9zaG9wOkNvbG9yTW9kZT0iMyI+IDx4bXBNTTpIaXN0b3J5PiA8cmRmOlNlcT4gPHJkZjpsaSBzdEV2dDphY3Rpb249ImNyZWF0ZWQiIHN0RXZ0Omluc3RhbmNlSUQ9InhtcC5paWQ6Y2JlYWIyMGUtOTE5NS01NjRlLTlhMWItNmFkMzljN2M4ZDE2IiBzdEV2dDp3aGVuPSIyMDE4LTA0LTI2VDA5OjQwOjQ1KzA3OjAwIiBzdEV2dDpzb2Z0d2FyZUFnZW50PSJBZG9iZSBQaG90b3Nob3AgQ0MgKFdpbmRvd3MpIi8+IDxyZGY6bGkgc3RFdnQ6YWN0aW9uPSJzYXZlZCIgc3RFdnQ6aW5zdGFuY2VJRD0ieG1wLmlpZDpmYWE1YTIxMS03NDQ5LWZkNGQtYmM5ZC0yZjEwN2Q5YTlmMmQiIHN0RXZ0OndoZW49IjIwMTgtMDQtMjZUMDk6NDA6NDUrMDc6MDAiIHN0RXZ0OnNvZnR3YXJlQWdlbnQ9IkFkb2JlIFBob3Rvc2hvcCBDQyAoV2luZG93cykiIHN0RXZ0OmNoYW5nZWQ9Ii8iLz4gPC9yZGY6U2VxPiA8L3htcE1NOkhpc3Rvcnk+IDwvcmRmOkRlc2NyaXB0aW9uPiA8L3JkZjpSREY+IDwveDp4bXBtZXRhPiA8P3hwYWNrZXQgZW5kPSJyIj8+/ebyFwAABdBJREFUWIW92H+sV3UZB/DXRRHkIsWF8Agt0wZJa9ZampIrYvwYh5W2ais9mGtl1qx1ZWT+0Vr2T4yimWHNWpYdafWHabMzdDSqrbSZGayIJgVR3M5IEsEMLL398XzO+PK95wv3e0We7ez5ns/znOf7/jyf58fn8xkYHR01EcrKfCo24rV4CEuxDZ8Yp4l34S4MYTuurItqT7fSwIsAuAML8W8M4iim4Gd4x0k+/yRuw05sxqdwCEN1UT3fqThpAsCGsjLfmsBdjulYhqnCe4txH+b0MLE0gbsLC+uiGsY8zMCGbuW+AKZlfSyB+E5dVI8k0ZbEN+MeXCm88/IWMw/hr/hQM1AX1QgeEZ49js7sByA+jVdjQV1UT7TId6FIzyh+gBUd8q9jABc1A1mZz8br8Wtc1m1w3B7MynwxPg89wME0LMHr8A0sx1c75DeI5T2CtbhOePq7OKPN4Lg8mJX5tcnIbtyflfmUuqiOJvG7cS2uwOyOz27EB/B9PCC8BBWed7xzlifAh/oGmJX5zARua11US7pkN+HLwgtb8Hf8B8PCO5fgvXgwfbIGC/ACLhQJtrsuqmezMl+Cv/UNEG9L/IMtsrckfg/ejKsxN439JPHb8Z70+1t4BnckkOqiamzNwcMTAbgz8WvwxS7ZMC7AFzCCe7EV6/E5/EmUI/imsUu4NCvz9R0T2D4RgK9JfKBbUBfVSFbmT4ilnNch+jm+jU0dY2twDr6HN+L3WIU9osATJew4as3irMyHszL/bHpdKWa+LivzG7IyX92ht0Is62e6TBwQtfDG9L4BhzvGjyBHVRfVBaJ0wW+6sfTy4PtweQIzgrNE5jXA1ouY24B9WNfDzv7E14gYO4y3C+910vuhLqp93QZaPVgX1SLRXweTwam4H/OxSDT4v4h6d0cPcEQ7290BdlYLOKJVjrQZ6LXE80X8zMWzGK6L6qq6qHbVRfVwGp+c1Ge0mFiBH6cJXt8D/B68M/0+Dz9sUxqzm8nKfCF2pNe1uLsuqv3dH6blv1tkatO6zhNea9rbiGPJsxEfwV4Rc2ck2Uzh1Uvronp0PAB34Py6qAbbZtSle0As92M4Wyw5rBatrhTtbavYYFSiUD+Fj4uk+BGW1UU1ve0/2pZ4vpZ0T4AGszKf0jG0LfG5eA5fEeXoAbG8tyT5haIurkr2L3UsY3Psz8p83L34p1iRlfmDonz8WSTGraLeycr8vvTnz6RvjuB84bkB0Zd3iszdhFeJjcZbcTN+hzck0GeJYn+NCJmTApwvYmd5ehoaFX13Oj6KqzpkQ6IwTxa744aaLrQuyW7qsgl3ikQ6pwVLK8AzsbcuqnlZmX9YeObxuqjubRSyMl8rYmsOHnV8Bt4svLFAlJg78b8kuyVN7k0iPG4THrwedRvAtiT5FS7uFbTdlJX5eNRORCtF8lxRF9Uvu4VtSfIPEeCni16R+IE2YRvAGrIy7/tANUE6N/Gn2oQ9AWrvEC8F9Q2w6RqnC+AcqIvquTZhG8AnEz9dAGeJIt9KbQAbV898SeCMpVl6JAjtdfDpxKdBVuYXiVrV1KMBHKyLau8pAvgyHOwlbPNgA/BQOlT/URTV7enZhl3pluFUAXy6l7DNg4cTv0R0iYuTXuPBSThQF9WRUwRwNn7bD8BmNufq2OZ30AuYm5X5ZeJw1Nqi+qDJ+onBuqiOpPZ1VGTymKNgB60We76JUrN1G7Mh7gkw0X+xuC6qW7UcNzvpRfbiplL0XIVeAP+JyVmZzxA3VW2byQERBrvENn+VuLg8hC+Js8zJaCjxvj14UCTDdHGWOBH9ogPgx0Tcfm2cAJtNyZO9FHptCPZhUbpYnCRq4tktzzRxLCXOGINi0v8aBzh4ZeJjLo0a6uXBjViWlfnVdVFtEjdWrdQVg+PxWidtEJvZP/RS6HmJns4ky8Ut6eOivJwwYcZJoyJ0rhNnlZV1UW3uG2ACebtj9yunmmqsrotqy4mU/g/V6KCPK3XtVgAAAABJRU5ErkJggg=="
10, "Cây giống - Con giống", "data:image/png;base64,iVBORw0KGgoAAAANSUhEUgAAACgAAAAoCAYAAACM/rhtAAAACXBIWXMAAAsTAAALEwEAmpwYAAAFwmlUWHRYTUw6Y29tLmFkb2JlLnhtcAAAAAAAPD94cGFja2V0IGJlZ2luPSLvu78iIGlkPSJXNU0wTXBDZWhpSHpyZVN6TlRjemtjOWQiPz4gPHg6eG1wbWV0YSB4bWxuczp4PSJhZG9iZTpuczptZXRhLyIgeDp4bXB0az0iQWRvYmUgWE1QIENvcmUgNS42LWMxNDIgNzkuMTYwOTI0LCAyMDE3LzA3LzEzLTAxOjA2OjM5ICAgICAgICAiPiA8cmRmOlJERiB4bWxuczpyZGY9Imh0dHA6Ly93d3cudzMub3JnLzE5OTkvMDIvMjItcmRmLXN5bnRheC1ucyMiPiA8cmRmOkRlc2NyaXB0aW9uIHJkZjphYm91dD0iIiB4bWxuczp4bXA9Imh0dHA6Ly9ucy5hZG9iZS5jb20veGFwLzEuMC8iIHhtbG5zOnhtcE1NPSJodHRwOi8vbnMuYWRvYmUuY29tL3hhcC8xLjAvbW0vIiB4bWxuczpzdEV2dD0iaHR0cDovL25zLmFkb2JlLmNvbS94YXAvMS4wL3NUeXBlL1Jlc291cmNlRXZlbnQjIiB4bWxuczpkYz0iaHR0cDovL3B1cmwub3JnL2RjL2VsZW1lbnRzLzEuMS8iIHhtbG5zOnBob3Rvc2hvcD0iaHR0cDovL25zLmFkb2JlLmNvbS9waG90b3Nob3AvMS4wLyIgeG1wOkNyZWF0b3JUb29sPSJBZG9iZSBQaG90b3Nob3AgQ0MgKFdpbmRvd3MpIiB4bXA6Q3JlYXRlRGF0ZT0iMjAxOC0wNC0yNlQwOTo0Mzo1MyswNzowMCIgeG1wOk1ldGFkYXRhRGF0ZT0iMjAxOC0wNC0yNlQwOTo0Mzo1MyswNzowMCIgeG1wOk1vZGlmeURhdGU9IjIwMTgtMDQtMjZUMDk6NDM6NTMrMDc6MDAiIHhtcE1NOkluc3RhbmNlSUQ9InhtcC5paWQ6OTcyMmFjYTItYWI3Ny1iMTQyLThmYTktODQ4ZmU2OTBmYjE3IiB4bXBNTTpEb2N1bWVudElEPSJhZG9iZTpkb2NpZDpwaG90b3Nob3A6NWY5NThmZGQtNTMzMC01OTQ2LTlhYWItMzNjZWVkMTlhZmI4IiB4bXBNTTpPcmlnaW5hbERvY3VtZW50SUQ9InhtcC5kaWQ6MGY0YmU1Y2YtZjdhNy05YTQ4LTk1NGQtOGU2ZTVjZDdiMDAyIiBkYzpmb3JtYXQ9ImltYWdlL3BuZyIgcGhvdG9zaG9wOkNvbG9yTW9kZT0iMyI+IDx4bXBNTTpIaXN0b3J5PiA8cmRmOlNlcT4gPHJkZjpsaSBzdEV2dDphY3Rpb249ImNyZWF0ZWQiIHN0RXZ0Omluc3RhbmNlSUQ9InhtcC5paWQ6MGY0YmU1Y2YtZjdhNy05YTQ4LTk1NGQtOGU2ZTVjZDdiMDAyIiBzdEV2dDp3aGVuPSIyMDE4LTA0LTI2VDA5OjQzOjUzKzA3OjAwIiBzdEV2dDpzb2Z0d2FyZUFnZW50PSJBZG9iZSBQaG90b3Nob3AgQ0MgKFdpbmRvd3MpIi8+IDxyZGY6bGkgc3RFdnQ6YWN0aW9uPSJzYXZlZCIgc3RFdnQ6aW5zdGFuY2VJRD0ieG1wLmlpZDo5NzIyYWNhMi1hYjc3LWIxNDItOGZhOS04NDhmZTY5MGZiMTciIHN0RXZ0OndoZW49IjIwMTgtMDQtMjZUMDk6NDM6NTMrMDc6MDAiIHN0RXZ0OnNvZnR3YXJlQWdlbnQ9IkFkb2JlIFBob3Rvc2hvcCBDQyAoV2luZG93cykiIHN0RXZ0OmNoYW5nZWQ9Ii8iLz4gPC9yZGY6U2VxPiA8L3htcE1NOkhpc3Rvcnk+IDwvcmRmOkRlc2NyaXB0aW9uPiA8L3JkZjpSREY+IDwveDp4bXBtZXRhPiA8P3hwYWNrZXQgZW5kPSJyIj8+unzIDwAABcJJREFUWIXN2H2MHWUVBvBfv1u1SiLQUbIYNCaWAgItStCgVlA6gYRErAaHFbe061ZCu7SWrywlFFtaKlBKLLRIExkqwZKAyEjSWq1VRKQqCR9+EKOm1IFawYgKFKh/nHe9Nzcburvctb7JzTvvx8z7zDnPec65M2rKHbMcpLYDT9dF9SXIyrzEcXVRHZfGl+PC0QcJ3DZ8FA8lMDfiC3g0jefia9h7MABuwycSoA1Zmd+ABVhZF1VXArceD9ZFdez/GuCWBK4Tm/B1LMR1dVFdmpV5ZwK3pS6qWTB2hAGdg3dhLZ7G+9CFO7AKF2N1XVRLsjLvwjeF5WZlZf5x9Iwa4SB5FodjFB7BXbged+JcXFEX1fKszCfi39hRF9WpWZkfj18xshb8XAIHK/GhprVXcAWWZ2V+Jsbh9LqotmZlPgO/wC5MHUmAt+OHeApLhOWeTWubMU/DwrMTuBP6wdVF1UH7LTgar+MDeAuuxo8wHx/Gd7ER5wsLvRPqovpOVubThczsqouqIyvzwzCnnVE8Q/AMXk79S03rf8anErhedGAv7s3KfGoCtzuBG4fnsKKdFrwE00Xkbk5zX05z8CchM/fjRiwW7u3FBfh7XVRHZGU+Hi+me45plwVPScAIfYM5+CJuFkHyPA7FRJFBrsOGuqj+iGvrojokK/MJ+KcImml1UT3RLoBr8VeclB4+RwTJ62n9Ulybrk/H23GaCBR1Ub2YlXkH/iHiYlpdVE8SpB5uO7rp+kSRwh5N457UXyBcuERQYCHeISRoDDqzMj8q7V2kYbkn+x88XA6OxU5hqX6XHtq0/lzqNwp56RXC/G2sE9z8b8vKfCXW10W1sPWg4VrwKsGl1Wm8HDM13Lgy9d9I4PpwGPYncJ0iu4wRVLgET2RlPrsdAI8UWeApkWc/n8YvpYO2YrvgZU96mWtE9tiVnnEWCszFyWluB/7VethwcvEaXCSEeGs6YEyaWyMs0ydE+jINq/a3QlhtXBr/BovronpgoMMGy8FcWGibEGQiuT8kJAZuSoetFoTvFFXL+cLKk3Cf4GQpXD6+Lqpn3ujgwQJ8QIjnZJG6Tkn3ntyy76QE7jL8AD/BR/CqcPGpwuULhRUP2AbDwa7Uvw0npAPgl6Js75eUWwXXetLaMwlcn3DnW9N4sqj7Hk7XbwrgeBGJ29MDt2OfEN5jRaDcItw2T/DuFmG9buzBMuH6X4tAILjabYCgGCrA0zABnxVpazLeL2RktyD8V4WULMLSdN9ronQ/XET2JLxb6OAM4eLH0r4hA/wk7k7Xk1K/R0MipqW+Ix2+Kr3A9SJiXxV694Kw0iq8J4EthMAPug0UJFcJbk0RwUFISD9fdjTtmy0qkxfwBxyFe0XlMlW4e4n4c7Qp7RtSawU4M4GDSpRKGwVnJDB7NdJVtyit9ghv7Eyg96UXfATvFVb88XAAtrr4dvxWJPMTE8CupvVerEjglgqe/U0I9cVp/yvCxTWOEHw7BI8PFVwrwPGCK3drcLA79WtFlC4SEfwVEbFHirQ1DTeILLIg7V+QAK4RvBxWa3bx/tRPbJrrr+cuEjo3TxSm94gsUTTtfV6496bhgjkQwH3iv+h5ovgk+Edwb57QtCkaL9OD74kI3SBK+t2iDHuwHQBbOdiJTOjcZvxcw12X40p8sGn/BGHxiRov+7JB6NtwAT4u/tQQ2rYUF4pyakWa7xZcWycs+3v8VJRenxFRu6VdAAfSwcXi08TVIo92CVefLfi3X0T7/PSbKVLWw+0CdSCAvxOfxvqE9e7D93FG055CWG2+KMFGrA2U6tYJrvXiL0KYzxCRPCr95orK5DHcJiRqRFqrBdenw5cJfh0v5OQ8kdqmCxfnaf8mfMub0LmhALxNyMMyYUGiROoUYrtcVDTER6Gz8bORAtYKcEMCd00TuOa2E58eaTADtbHii9NZAlzfwQDxRm00PibKov87cPAf7POTdm8EQFAAAAAASUVORK5CYII="
11, "Nhà hàng - Quán ăn", "data:image/png;base64,iVBORw0KGgoAAAANSUhEUgAAACgAAAAoCAYAAACM/rhtAAAACXBIWXMAAAsTAAALEwEAmpwYAAAFwmlUWHRYTUw6Y29tLmFkb2JlLnhtcAAAAAAAPD94cGFja2V0IGJlZ2luPSLvu78iIGlkPSJXNU0wTXBDZWhpSHpyZVN6TlRjemtjOWQiPz4gPHg6eG1wbWV0YSB4bWxuczp4PSJhZG9iZTpuczptZXRhLyIgeDp4bXB0az0iQWRvYmUgWE1QIENvcmUgNS42LWMxNDIgNzkuMTYwOTI0LCAyMDE3LzA3LzEzLTAxOjA2OjM5ICAgICAgICAiPiA8cmRmOlJERiB4bWxuczpyZGY9Imh0dHA6Ly93d3cudzMub3JnLzE5OTkvMDIvMjItcmRmLXN5bnRheC1ucyMiPiA8cmRmOkRlc2NyaXB0aW9uIHJkZjphYm91dD0iIiB4bWxuczp4bXA9Imh0dHA6Ly9ucy5hZG9iZS5jb20veGFwLzEuMC8iIHhtbG5zOnhtcE1NPSJodHRwOi8vbnMuYWRvYmUuY29tL3hhcC8xLjAvbW0vIiB4bWxuczpzdEV2dD0iaHR0cDovL25zLmFkb2JlLmNvbS94YXAvMS4wL3NUeXBlL1Jlc291cmNlRXZlbnQjIiB4bWxuczpkYz0iaHR0cDovL3B1cmwub3JnL2RjL2VsZW1lbnRzLzEuMS8iIHhtbG5zOnBob3Rvc2hvcD0iaHR0cDovL25zLmFkb2JlLmNvbS9waG90b3Nob3AvMS4wLyIgeG1wOkNyZWF0b3JUb29sPSJBZG9iZSBQaG90b3Nob3AgQ0MgKFdpbmRvd3MpIiB4bXA6Q3JlYXRlRGF0ZT0iMjAxOC0wNC0yNlQwOToxNTozNCswNzowMCIgeG1wOk1ldGFkYXRhRGF0ZT0iMjAxOC0wNC0yNlQwOToxNTozNCswNzowMCIgeG1wOk1vZGlmeURhdGU9IjIwMTgtMDQtMjZUMDk6MTU6MzQrMDc6MDAiIHhtcE1NOkluc3RhbmNlSUQ9InhtcC5paWQ6NzFmNTA0YmYtMzM0YS03ZTQ2LWI5NTctNzQ1M2NjYTAzOGUzIiB4bXBNTTpEb2N1bWVudElEPSJhZG9iZTpkb2NpZDpwaG90b3Nob3A6YmY4NWU4MzAtZDk2MC04NTQyLTk0M2ItZTdmN2FhZjNlMTljIiB4bXBNTTpPcmlnaW5hbERvY3VtZW50SUQ9InhtcC5kaWQ6ZGZkOGUxYzUtNWU1YS1mZjRmLWJjNmYtNjBkMWIzOWM2ODA3IiBkYzpmb3JtYXQ9ImltYWdlL3BuZyIgcGhvdG9zaG9wOkNvbG9yTW9kZT0iMyI+IDx4bXBNTTpIaXN0b3J5PiA8cmRmOlNlcT4gPHJkZjpsaSBzdEV2dDphY3Rpb249ImNyZWF0ZWQiIHN0RXZ0Omluc3RhbmNlSUQ9InhtcC5paWQ6ZGZkOGUxYzUtNWU1YS1mZjRmLWJjNmYtNjBkMWIzOWM2ODA3IiBzdEV2dDp3aGVuPSIyMDE4LTA0LTI2VDA5OjE1OjM0KzA3OjAwIiBzdEV2dDpzb2Z0d2FyZUFnZW50PSJBZG9iZSBQaG90b3Nob3AgQ0MgKFdpbmRvd3MpIi8+IDxyZGY6bGkgc3RFdnQ6YWN0aW9uPSJzYXZlZCIgc3RFdnQ6aW5zdGFuY2VJRD0ieG1wLmlpZDo3MWY1MDRiZi0zMzRhLTdlNDYtYjk1Ny03NDUzY2NhMDM4ZTMiIHN0RXZ0OndoZW49IjIwMTgtMDQtMjZUMDk6MTU6MzQrMDc6MDAiIHN0RXZ0OnNvZnR3YXJlQWdlbnQ9IkFkb2JlIFBob3Rvc2hvcCBDQyAoV2luZG93cykiIHN0RXZ0OmNoYW5nZWQ9Ii8iLz4gPC9yZGY6U2VxPiA8L3htcE1NOkhpc3Rvcnk+IDwvcmRmOkRlc2NyaXB0aW9uPiA8L3JkZjpSREY+IDwveDp4bXBtZXRhPiA8P3hwYWNrZXQgZW5kPSJyIj8+mcpSYQAABIRJREFUWIXN2XuI1VUQB/DPrhEhhIq23jK0RCOFqCDISomyKNcKlSysi4UZlpbRGwuVIgQzeomVhWG5PTXpYbew0gh6WJEVCBWZ2ctrCZmlFGrbH3N+3N+u1+2qV9eBw5xz5nfO73vPb2bOzNyG1tZWBzM19F40Yl/3mICpOLHd/BrMw6MdLS4XSx1u3rgPwEbiLyxAUwIyGddgLg7HI9iBS/b2JYfs5bppmCVO6WJ8VeWZqeiHF/ECTsId9QR4BM7CEPQRp/U+eidwcxMIuB23omcab8X9mIFTcVfq78C3GIZu2FBoaV6FleViaUM1ENV0sJf4NGNzc61oyI0XYCIOxT9p7hO8ge04B2em+Sb8hjm4pYM9S5hULpZ+6gjgaCxN/XvxDL7MybtjKJalcdf00lfwRbsfOlDo3nxsSnMj8bU4ReiC49NzM9Lc+HKxtKgawCIWYYXQq99zL+siPu0v6kyZFRdamruiRRzSlHKx9AgVKx6cwL2G4Tlwk7FO6M7PWFJvgDmg28rF0hg8jXmFluYz8gDfFUZwURo3YJXwY38LJb8cM/cXwBzQK7ARywkrHiYs9tzccx/jFKHo7+1vUFVoBD4rtDRf2ihcxna8nYTXJXCndRI45WJptbD82Y3aWiXh337AR52ALU+L0S9z1KtygnH4/IDD2ZW+pnKT7MwJnj/wWKrSv1SseFAnAtkd9SEAfiOc48FGY/Bno/BxPTCgc/FUqNDS3AvHYVYjnk3zizsP0i6UxQOzMx0cK+K1OzsFTo4KLc3XisvjmnKx1JoBXIIHcA/u7kRwN4tQb0G5WJpP24D1JhFoTsdVuMF+DA7aAbtQBLgD8GC5WLoxk7XPSabjPOEXF4ug8vH9iO2hQktzK14VEfaoPDiqh/zL0Rdni4ztahGODa0zuNfRLA7iyXKx9Ga1hzrKSVaktiDx8SJWGyPC+Mf2ENBEbBFJ1MgEbnS5WHq5o0W1pJ0rsU0Er0SI3z7X7S1ymYx6iBAuT0/gttS/MvEOwdUKENbi6NRfnvhhOflKoUcZPYfVVfZ5J/FjVPKUugBcj0Lqf5b4sTn5EdqeYJN0lybKZGsT7yNCuroB/E4kTlSyt4E5+R9CvzLaom3S1T/xLME/Et/XE+D6Kv2Ta1xLpW6TT2HX1bKwVoA/Jl7IzZ2Q6zdom4S3Hw9OfLNI9qnxBGutzWxMPDOMU8Vnzai/tp+0r0jyM3pYuBfCwqlRB2sF+GviU0QN5uN28pnCFWV0H47KjdepfNLrE8+rzW6p1vpgT/GLu4okfo4oi6ypZbGI7cYJP9hV/Jh+2PR/9cFaT3Bz2vgpobfTUtuKt/CBOKEt4v4+XLihIaKQ1D3ts1Skk5O0VZF9BrhTVLEGCf0bn9oEjEptd/QBFoqbhLiDiVy8bgCJKsNH2IDzxb38dE5+pIoBbLZroem4BG4ALqj1pXsCcBVOx0sib94sKqfLhNFsSC2jnqJCcYEorzWlNcNF8FF3gPChsM7LhEVPSm2TOLHM1XRLzzWl8aeiCrtwD9+n4WD/G+I/Yr8cEbjH8VEAAAAASUVORK5CYII="
12, "Thực phẩm bổ sung",
13, "Vật tư nông nghiệp", "data:image/png;base64,iVBORw0KGgoAAAANSUhEUgAAACgAAAAoCAYAAACM/rhtAAAACXBIWXMAAAsTAAALEwEAmpwYAAAFwmlUWHRYTUw6Y29tLmFkb2JlLnhtcAAAAAAAPD94cGFja2V0IGJlZ2luPSLvu78iIGlkPSJXNU0wTXBDZWhpSHpyZVN6TlRjemtjOWQiPz4gPHg6eG1wbWV0YSB4bWxuczp4PSJhZG9iZTpuczptZXRhLyIgeDp4bXB0az0iQWRvYmUgWE1QIENvcmUgNS42LWMxNDIgNzkuMTYwOTI0LCAyMDE3LzA3LzEzLTAxOjA2OjM5ICAgICAgICAiPiA8cmRmOlJERiB4bWxuczpyZGY9Imh0dHA6Ly93d3cudzMub3JnLzE5OTkvMDIvMjItcmRmLXN5bnRheC1ucyMiPiA8cmRmOkRlc2NyaXB0aW9uIHJkZjphYm91dD0iIiB4bWxuczp4bXA9Imh0dHA6Ly9ucy5hZG9iZS5jb20veGFwLzEuMC8iIHhtbG5zOnhtcE1NPSJodHRwOi8vbnMuYWRvYmUuY29tL3hhcC8xLjAvbW0vIiB4bWxuczpzdEV2dD0iaHR0cDovL25zLmFkb2JlLmNvbS94YXAvMS4wL3NUeXBlL1Jlc291cmNlRXZlbnQjIiB4bWxuczpkYz0iaHR0cDovL3B1cmwub3JnL2RjL2VsZW1lbnRzLzEuMS8iIHhtbG5zOnBob3Rvc2hvcD0iaHR0cDovL25zLmFkb2JlLmNvbS9waG90b3Nob3AvMS4wLyIgeG1wOkNyZWF0b3JUb29sPSJBZG9iZSBQaG90b3Nob3AgQ0MgKFdpbmRvd3MpIiB4bXA6Q3JlYXRlRGF0ZT0iMjAxOC0wNC0yNlQwOTo1MDowMiswNzowMCIgeG1wOk1ldGFkYXRhRGF0ZT0iMjAxOC0wNC0yNlQwOTo1MDowMiswNzowMCIgeG1wOk1vZGlmeURhdGU9IjIwMTgtMDQtMjZUMDk6NTA6MDIrMDc6MDAiIHhtcE1NOkluc3RhbmNlSUQ9InhtcC5paWQ6Zjg0ZWIxZTMtNGVkMC01NzQ4LTk3NjQtZDUzNGEwODJmNmIzIiB4bXBNTTpEb2N1bWVudElEPSJhZG9iZTpkb2NpZDpwaG90b3Nob3A6NDk2MDY3ZDUtYmYwYy0wZTQ3LTkwMmMtYzhlZGViNDY2NmE2IiB4bXBNTTpPcmlnaW5hbERvY3VtZW50SUQ9InhtcC5kaWQ6NWQyZmRiOTEtMTRhNS0yZDQ2LWJiNDctZGExMmEyYmY2NDc1IiBkYzpmb3JtYXQ9ImltYWdlL3BuZyIgcGhvdG9zaG9wOkNvbG9yTW9kZT0iMyI+IDx4bXBNTTpIaXN0b3J5PiA8cmRmOlNlcT4gPHJkZjpsaSBzdEV2dDphY3Rpb249ImNyZWF0ZWQiIHN0RXZ0Omluc3RhbmNlSUQ9InhtcC5paWQ6NWQyZmRiOTEtMTRhNS0yZDQ2LWJiNDctZGExMmEyYmY2NDc1IiBzdEV2dDp3aGVuPSIyMDE4LTA0LTI2VDA5OjUwOjAyKzA3OjAwIiBzdEV2dDpzb2Z0d2FyZUFnZW50PSJBZG9iZSBQaG90b3Nob3AgQ0MgKFdpbmRvd3MpIi8+IDxyZGY6bGkgc3RFdnQ6YWN0aW9uPSJzYXZlZCIgc3RFdnQ6aW5zdGFuY2VJRD0ieG1wLmlpZDpmODRlYjFlMy00ZWQwLTU3NDgtOTc2NC1kNTM0YTA4MmY2YjMiIHN0RXZ0OndoZW49IjIwMTgtMDQtMjZUMDk6NTA6MDIrMDc6MDAiIHN0RXZ0OnNvZnR3YXJlQWdlbnQ9IkFkb2JlIFBob3Rvc2hvcCBDQyAoV2luZG93cykiIHN0RXZ0OmNoYW5nZWQ9Ii8iLz4gPC9yZGY6U2VxPiA8L3htcE1NOkhpc3Rvcnk+IDwvcmRmOkRlc2NyaXB0aW9uPiA8L3JkZjpSREY+IDwveDp4bXBtZXRhPiA8P3hwYWNrZXQgZW5kPSJyIj8+by3ICgAABX5JREFUWIXF2WmsXVUVB/DfKx2YRJna29ZHeWVuAQXLIDWSBiHpxQCGmVwCSDCEAJooTTBMRhFKQtRiQvjAYHolBJBUhvsBDFGmAKUMgVIoSFtL6W2ltFpk6OvAh7UP97zjue++Sx/ln7zsc/c+Z+//2Wet/1prv55xc2faShyOc3EqevEJ5qGORzo93Kw1Bh0fsRXEZuBlLMDPUMHTeB9n4WGsx8VbscYXJng7Hse3cAuOxGh8T+xiD36BkbgV87HPtiA4EW/ix/hrInN5IpDh0ET0ZuyA32Aa3kbX9tQNwV68hf1xGU7BuyX33Y0nMSH9vhrT03UDp38ZBHfCQrEjJ+OPhfGDMVuQvxBn49+4Dj/FM9gL/8W9+MFwE3wKXxO79mDJ+AzMwjF4DvegH9fi9+me5ZiCLXhMONWwELwF38Zpwu7a3bM77ir07ygcJcMK7IZNwgw6YmSH8RNxqTDw+ThK+Ut9jJVCE8fk+pelNSbm+t4TGnmecKCrBiPQ00aoZ+FKfKPDCwwHNgmPv6FZa6wrDhYJZmI7WYjs3ViMzQbuzNZiYyLWK0R9AjbgyGat8Uo7gj14B3sLT7xjGAm1RbPWUKlXTxL23Y+x+Z3M29OlidxZ24pchmat8aAQ+FHC8z9HnmC2lS9sI15F/Cu1J+Y78158uyD5drp5vRDnl/EalmIVPhA21C1GCYmpYBKm4pBKvfod7Cl0FubkHyo6yffxW63Q1A4bRdbyH3woUqx+4Uw94sV3SIvugj0SwTL058bOaNYa9+UHizr4hIgC04UnrxN22SfC2QHpupIWHUo0WC8EeiX+iTfEl1mGFc1aY3WlXp2FG3F/8eEyoc52b6XYmbV4CQ8MQiLbtf4hEC7DqjTH8Xg0P1AWFfpSu6GLBbZokfsied97qZ1cHCgjuC8+EvbULW4TTnZTl89lHnxAcaCM4O5pkW7xO/xEOM0V+FUXzw6ZYObqS7ok90NRl8zDeOFs1whV6IhmrfGxCH2HdCKYeeXSLgnOESbxI7GDJ6T+m7uYYzG+WewsEhyf2mVdEuwTRVSGT4XnT+tijoVQqVe/nu8sysyeqS2rNTKcKhLY7YUUPS08+MPCfesT0Wki4x4rnO8FPFQy71uprYgAUEpwXGpXtiE3SomYJhydux4jStIxBlZ8hHyVpW6LUztWVI5ob4PtCGYv9DfsJzLs23LP/lnUx/OQfao5OCLd/2waL8PS1E4qWzBDZqSr2kySifE6LSl6XuSRs3GOSDh2TWOXiMI9w//azJtfc4DUFHdw79QW7SnDxrTIjEL/TYmkHLmFBXLwXaxuM3cztfsNRrBP53j6ayHmvyz0LxEvMDX9XlQYv0FUedeVsqs11qbLKfn+4ifuFfXrYJgt6uPrxY7cKVKvSaIwfz0R3RfHCqO/SCQCj/v/XR3AEwfmO/I7OBLbGZpIT8efRAT5C/6RCGWfrymk6O/iJOF44UzHdZj3VYyq1Kufe3l+B7POoYS5zThfJLfTRFK6IS0AZ4qdGC0car7IBTthkXiZXcTRyQCCx6R2raFjsZZ+5fFM+usWmaMcK+lt9omniERxi6iFvyo8IKLPfZV69SiC4GQpDgrhXfDVcKNZa7wpbBeerdSrh40QQf1T7KwVlkYb4unTcKBSr06s1KvbJ5JvNGuNHqzB/J5xc2duST/+IM7tDtJKGjYJW3oxvcgikem0izSDYTvx0n3CpA5Pf0fk7vkgrfGYOFzq6xk3d+YFBp4krBDeuAaHKQhnDmuEUa8WnvqRVh0zRojyrkIHJ2jF5iIWiLp7rBD5vXJjP8/q4vFp0qUlE4wQJ6dT0gRTRTjqFRGl0xnjRiEZy7VKzoVC0JeU/RuiUq9OwuZmrbH8M801U9oQGhwZAAAAAElFTkSuQmCC"
14, "Sản phẩm - dịch vụ khác",
15, "Dược liệu", "data:image/png;base64,iVBORw0KGgoAAAANSUhEUgAAACgAAAAoCAYAAACM/rhtAAAACXBIWXMAAAsTAAALEwEAmpwYAAAFwmlUWHRYTUw6Y29tLmFkb2JlLnhtcAAAAAAAPD94cGFja2V0IGJlZ2luPSLvu78iIGlkPSJXNU0wTXBDZWhpSHpyZVN6TlRjemtjOWQiPz4gPHg6eG1wbWV0YSB4bWxuczp4PSJhZG9iZTpuczptZXRhLyIgeDp4bXB0az0iQWRvYmUgWE1QIENvcmUgNS42LWMxNDIgNzkuMTYwOTI0LCAyMDE3LzA3LzEzLTAxOjA2OjM5ICAgICAgICAiPiA8cmRmOlJERiB4bWxuczpyZGY9Imh0dHA6Ly93d3cudzMub3JnLzE5OTkvMDIvMjItcmRmLXN5bnRheC1ucyMiPiA8cmRmOkRlc2NyaXB0aW9uIHJkZjphYm91dD0iIiB4bWxuczp4bXA9Imh0dHA6Ly9ucy5hZG9iZS5jb20veGFwLzEuMC8iIHhtbG5zOnhtcE1NPSJodHRwOi8vbnMuYWRvYmUuY29tL3hhcC8xLjAvbW0vIiB4bWxuczpzdEV2dD0iaHR0cDovL25zLmFkb2JlLmNvbS94YXAvMS4wL3NUeXBlL1Jlc291cmNlRXZlbnQjIiB4bWxuczpkYz0iaHR0cDovL3B1cmwub3JnL2RjL2VsZW1lbnRzLzEuMS8iIHhtbG5zOnBob3Rvc2hvcD0iaHR0cDovL25zLmFkb2JlLmNvbS9waG90b3Nob3AvMS4wLyIgeG1wOkNyZWF0b3JUb29sPSJBZG9iZSBQaG90b3Nob3AgQ0MgKFdpbmRvd3MpIiB4bXA6Q3JlYXRlRGF0ZT0iMjAxOC0wNC0yNlQxMDo1NToyOSswNzowMCIgeG1wOk1ldGFkYXRhRGF0ZT0iMjAxOC0wNC0yNlQxMDo1NToyOSswNzowMCIgeG1wOk1vZGlmeURhdGU9IjIwMTgtMDQtMjZUMTA6NTU6MjkrMDc6MDAiIHhtcE1NOkluc3RhbmNlSUQ9InhtcC5paWQ6YzYxZjk5NmItMTFkZS0xNDQ2LThmMzMtNjc0OTZlZDAyYTcyIiB4bXBNTTpEb2N1bWVudElEPSJhZG9iZTpkb2NpZDpwaG90b3Nob3A6ZGRjNDkwMjMtNTNjMC1mZjQ0LWFiNzMtNTIwZmI5OGQ4NGUwIiB4bXBNTTpPcmlnaW5hbERvY3VtZW50SUQ9InhtcC5kaWQ6YWY0ZDQxYWEtM2U4My1hYTQ1LTk1ZTItZDBlOTk5OWYzZWM5IiBkYzpmb3JtYXQ9ImltYWdlL3BuZyIgcGhvdG9zaG9wOkNvbG9yTW9kZT0iMyI+IDx4bXBNTTpIaXN0b3J5PiA8cmRmOlNlcT4gPHJkZjpsaSBzdEV2dDphY3Rpb249ImNyZWF0ZWQiIHN0RXZ0Omluc3RhbmNlSUQ9InhtcC5paWQ6YWY0ZDQxYWEtM2U4My1hYTQ1LTk1ZTItZDBlOTk5OWYzZWM5IiBzdEV2dDp3aGVuPSIyMDE4LTA0LTI2VDEwOjU1OjI5KzA3OjAwIiBzdEV2dDpzb2Z0d2FyZUFnZW50PSJBZG9iZSBQaG90b3Nob3AgQ0MgKFdpbmRvd3MpIi8+IDxyZGY6bGkgc3RFdnQ6YWN0aW9uPSJzYXZlZCIgc3RFdnQ6aW5zdGFuY2VJRD0ieG1wLmlpZDpjNjFmOTk2Yi0xMWRlLTE0NDYtOGYzMy02NzQ5NmVkMDJhNzIiIHN0RXZ0OndoZW49IjIwMTgtMDQtMjZUMTA6NTU6MjkrMDc6MDAiIHN0RXZ0OnNvZnR3YXJlQWdlbnQ9IkFkb2JlIFBob3Rvc2hvcCBDQyAoV2luZG93cykiIHN0RXZ0OmNoYW5nZWQ9Ii8iLz4gPC9yZGY6U2VxPiA8L3htcE1NOkhpc3Rvcnk+IDwvcmRmOkRlc2NyaXB0aW9uPiA8L3JkZjpSREY+IDwveDp4bXBtZXRhPiA8P3hwYWNrZXQgZW5kPSJyIj8+5dV3tAAABU9JREFUWIXF2HeMXNUVBvCfwQsRxaEzYEHA9I6CQRQZUBwwDBgLkwQMY3q1QJRQIkA0QaJEMcIgYclI1AeIjihDQhO9LmJNdWICNhZmDMIETA3Gyx/njGZZeXfGu7PKkUZv3n333fu9c79zznfvsO7uboOxUlE+H19j2kDer1Wq/T4fPpBBe9kVeX0Or7VhvJ/ZcoN5uVSUr8m//8YrWKdXlz/glMHMMWCApaI8AqfiL9gix7orH2+F53EHTvu/AMSovD6U11vxa+yAd7AlZmLlQczRnIOlorwaTsA5WBP34+RapdpVKspwJF7ACKyIZzEXG+Fg3JvPvmw7wFJRnoGj0YGX8SomYmKpKA9P4NfhM4zHU9gb++cQe+Z1QOCaAhQ8OgGv1SrVXXsA78L7tUr1V6WivDXOx+M4Fh9iPjbHGfiHCJRD8DneyA+6thWAw5rlwVJRnoTb8ASm5yTnYpzw6AqCd2PxJP6LH7AW5mF5rI8v0I3V8Ca2p3kebBoktUr1dsGzsbg7gY7DpbgYs/A/PIBJIkB+Kbz5RoLbOoGdmMNOajZv3Zp6sKeVivJFCQwW4W2xnOfhdyLlLBTBRHjsMJFu1hDB8wwOqI85aA/2ALdDgnsEB+Eo7IpN8Z7g62NYJYFOz1enJrCP89nD2KvVeVv2YKkoL0JXrVIdk/fb4C10YTvBtcnoxLtYgrNwoODk/r2GnCdS0kNJo6VaSx4sFeUzxNd/XirKk0tFeVqCgx1FBfkOvxGcnJJjP4J9cGX2vRqjsY3g5uEiyPq0VsXCpnhdBMf4bFuc1w3F8n2LVbNtuqBAF3YXS38fTs/nGwmPX1WrVG/qb+JlDZIVsZ4IjHliKfcWImEBPhWe7M4PGCWS9Aj8B0/nR/xecPHAtsqtWqX6PeYk2A58IzhWVzVr4yWRZrZKsF+IuvygSD112xY7aSLRBiMW5griPyiWbJ7w7m4iohfgmGw7XeTB6flBEzAbnSl4+7RlWuK6lYrycrheROotIhimZNu2olKchBliues2WsNjm4j0pFapDutrroEq6u5apXp0gt1FqJhjsS8OFVuAe7Pv16gKLnZm+xKR2GdrohcHBLBWqfb0ykRR0kZij2xbWQTMMxpKaGqCPDP7/Al/bVsl6ccuF2JhZt4fJ3j4ZyG3VhBK5mZR0+s2RuTWIQf4lQiGCdhM8PAlrJvPuxLwZFwmonuCSODvpa4cUoB1UHCEUN4zhScPERx8GT+KNDRLKJ9R+RGz+hu8HdvOH0Ti3RGXZNv7gpPzcY9I5N2Cl0fgEyHBaFSfpVo7PDhH6MSNe7R1iGS9X96fKzh3veDdcPwTY2qV6rr6sXZ4cAPBs9VFqlmAihCu32Sfs3u9MwMXtjL4YDfue4k9yBpC4t8gct7d2WUlocAXiyoyEhfk729DDlCswAv5/y2xd3lR8G52tv9WI8XMF+lnmgimjiEFWKtUnxDJeYyozZNEGhkryh3sLJbzKyFQx2toydHN5mgHB4mDo9163G8uKsyT4sxmofDe7iLF1G2y8PiQA+xt/xIq5+9CZXeKOj1HeLkDvxByrF8bCoBP5fUgHC/y3zihvOeKqnNSq4O1Iw/2tOvEju3QvF8ew8Tp14ciiE5c+qtLt3YCLITH/og7s+1Gwb9ZYqP0ybIO2o4l3hiPio3VFI39MHwvIrVTI3L7rb1tA5gq5HJxqkDjbKa3fSBOGipCCy4WK7dkSADmhv1UnJxNN+f9oiavFvkbKXjZkrUEsFSUD9bY7NTPXR4WJWtmX+/1YR8tS+dWPXihON7tEqKzqFWqCyFPWYfMfgKuV3EQjhVeIgAAAABJRU5ErkJggg=="